algorithm,sources,entry_count,entries
adder,qasmbench,2,qasmbench:adder_n10;qasmbench:adder_n4
ae,mqtbench,1,mqtbench:ae
basis_change,qasmbench,1,qasmbench:basis_change_n3
basis_trotter,qasmbench,1,qasmbench:basis_trotter_n4
bb84,qasmbench,1,qasmbench:bb84_n8
bell,qasmbench,1,qasmbench:bell_n4
bigadder,qasmbench,1,qasmbench:bigadder_n18
bit_code,supermarq,1,supermarq:bit_code
bmw_quark_cardinality,mqtbench,1,mqtbench:bmw_quark_cardinality
bmw_quark_copula,mqtbench,1,mqtbench:bmw_quark_copula
bv,mqtbench;qasmbench,3,mqtbench:bv;qasmbench:bv_n14;qasmbench:bv_n19
bwt,qasmbench,1,qasmbench:bwt_n21
cat_state,qasmbench,2,qasmbench:cat_state_n22;qasmbench:cat_state_n4
cc,qasmbench,1,qasmbench:cc_n12
cdkm_ripple_carry_adder,mqtbench,1,mqtbench:cdkm_ripple_carry_adder
deutsch,qasmbench,1,qasmbench:deutsch_n2
dj,mqtbench,1,mqtbench:dj
dnn,qasmbench,3,qasmbench:dnn_n16;qasmbench:dnn_n2;qasmbench:dnn_n8
draper_qft_adder,mqtbench,1,mqtbench:draper_qft_adder
error_correctiond3,qasmbench,1,qasmbench:error_correctiond3_n5
factor247,qasmbench,1,qasmbench:factor247_n15
fredkin,qasmbench,1,qasmbench:fredkin_n3
full_adder,mqtbench,1,mqtbench:full_adder
gcm,qasmbench,1,qasmbench:gcm_n13
ghz,mqtbench;supermarq,2,supermarq:ghz;mqtbench:ghz
ghz_dynamic,mqtbench,1,mqtbench:ghz_dynamic
ghz_state,qasmbench,1,qasmbench:ghz_state_n23
graphstate,mqtbench,1,mqtbench:graphstate
grover,mqtbench;qasmbench,2,mqtbench:grover;qasmbench:grover_n2
half_adder,mqtbench,1,mqtbench:half_adder
ham_sim,supermarq,1,supermarq:ham_sim
hhl,mqtbench;qasmbench,4,mqtbench:hhl;qasmbench:hhl_n10;qasmbench:hhl_n14;qasmbench:hhl_n7
hrs_cumulative_multiplier,mqtbench,1,mqtbench:hrs_cumulative_multiplier
hs4,qasmbench,1,qasmbench:hs4_n4
inverseqft,qasmbench,1,qasmbench:inverseqft_n4
ipea,qasmbench,1,qasmbench:ipea_n2
ising,qasmbench,2,qasmbench:ising_n10;qasmbench:ising_n26
iswap,qasmbench,1,qasmbench:iswap_n2
knn,qasmbench,1,qasmbench:knn_n25
linearsolver,qasmbench,1,qasmbench:linearsolver_n3
lpn,qasmbench,1,qasmbench:lpn_n5
mermin_bell,supermarq,1,supermarq:mermin_bell
modular_adder,mqtbench,1,mqtbench:modular_adder
multiplier,mqtbench;qasmbench,2,mqtbench:multiplier;qasmbench:multiplier_n15
multiply,qasmbench,1,qasmbench:multiply_n13
pea,qasmbench,1,qasmbench:pea_n5
phase_code,supermarq,1,supermarq:phase_code
qaoa,mqtbench;qasmbench,3,mqtbench:qaoa;qasmbench:qaoa_n3;qasmbench:qaoa_n6
qaoa_fermionic,supermarq,1,supermarq:qaoa_fermionic
qaoa_vanilla,supermarq,1,supermarq:qaoa_vanilla
qec9xz,qasmbench,1,qasmbench:qec9xz_n17
qec_en,qasmbench,1,qasmbench:qec_en_n5
qec_sm,qasmbench,1,qasmbench:qec_sm_n5
qf21,qasmbench,1,qasmbench:qf21_n15
qft,mqtbench;qasmbench,3,mqtbench:qft;qasmbench:qft_n18;qasmbench:qft_n4
qftentangled,mqtbench,1,mqtbench:qftentangled
qnn,mqtbench,1,mqtbench:qnn
qpe,qasmbench,1,qasmbench:qpe_n9
qpeexact,mqtbench,1,mqtbench:qpeexact
qpeinexact,mqtbench,1,mqtbench:qpeinexact
qram,qasmbench,1,qasmbench:qram_n20
qrng,qasmbench,1,qasmbench:qrng_n4
quantumwalks,qasmbench,1,qasmbench:quantumwalks_n2
qwalk,mqtbench,1,mqtbench:qwalk
randomcircuit,mqtbench,1,mqtbench:randomcircuit
rg_qft_multiplier,mqtbench,1,mqtbench:rg_qft_multiplier
sat,qasmbench,2,qasmbench:sat_n11;qasmbench:sat_n7
seca,qasmbench,1,qasmbench:seca_n11
seven_qubit_steane_code,mqtbench,1,mqtbench:seven_qubit_steane_code
shor,mqtbench;qasmbench,2,mqtbench:shor;qasmbench:shor_n5
shors_nine_qubit_code,mqtbench,1,mqtbench:shors_nine_qubit_code
simon,qasmbench,1,qasmbench:simon_n6
square_root,qasmbench,1,qasmbench:square_root_n18
swap_test,qasmbench,1,qasmbench:swap_test_n25
teleportation,qasmbench,1,qasmbench:teleportation_n3
toffoli,qasmbench,1,qasmbench:toffoli_n3
variational,qasmbench,1,qasmbench:variational_n4
vbe_ripple_carry_adder,mqtbench,1,mqtbench:vbe_ripple_carry_adder
vqe,qasmbench,2,qasmbench:vqe_n24;qasmbench:vqe_n4
vqe_proxy,supermarq,1,supermarq:vqe_proxy
vqe_real_amp,mqtbench,1,mqtbench:vqe_real_amp
vqe_su2,mqtbench,1,mqtbench:vqe_su2
vqe_two_local,mqtbench,1,mqtbench:vqe_two_local
vqe_uccsd,qasmbench,3,qasmbench:vqe_uccsd_n4;qasmbench:vqe_uccsd_n6;qasmbench:vqe_uccsd_n8
wstate,mqtbench;qasmbench,3,mqtbench:wstate;qasmbench:wstate_n27;qasmbench:wstate_n3
