feature,n,mean,std,min,p05,median,p95,max
num_qubits,414820,19.837117303890846,9.145894026428909,0.0,5.0,21.0,30.0,60.0
width,414820,24.74470131623355,13.418160200561001,0.0,6.0,24.0,52.0,90.0
depth,414820,136.1205149221349,138.78092766453432,0.0,6.0,88.0,423.0,1121.0
circuit_size,414820,458.7682874499783,415.9437248863357,0.0,11.0,324.0,1311.0,1500.0
two_qubit_gate_count,414820,198.414068752712,226.99171680786836,0.0,1.0,108.0,696.0,1380.0
two_qubit_gate_percentage,414820,42.411076897584024,24.46179085182514,0.0,0.4678089304257533,43.859649122807014,83.33333333333334,100.0
pauli_gate_count,414820,44.425307362229404,111.42185553744113,0.0,0.0,1.0,309.0,874.0
locality_ratio,414820,0.6570901532612006,0.2617054167045385,0.0,0.2448377581120944,0.6352063965332049,1.0,1.0
idling_score,414820,0.5679186335631539,0.22413180207244954,-0.5,0.05479404556076986,0.6144246809039859,0.8486759809710629,0.9606523955147809
density_score,414820,0.1465115691275077,0.1752546563209528,-0.954248366013072,-0.03620235158363839,0.11555555555555556,0.4446195037114973,2.5
node_count,414820,19.837117303890846,9.145894026428909,0.0,5.0,21.0,30.0,60.0
edge_count,414820,168.04859698182344,185.8166320962533,0.0,3.0,102.0,553.0,2002.0
max_degree,414820,17.756761969046817,13.732445290930945,0.0,2.0,15.0,46.0,84.0
average_degree,414820,14.260551200012483,12.685080443621823,0.0,1.0,11.0,41.333333333333336,69.03448275862068
average_clustering_coefficient,414820,0.8694373207069921,0.5858535138658316,0.0,0.0,1.0,1.8744588744588744,2.0
average_shortest_path_length,414820,9.498112486592696,25.029907405180086,0.0,1.0,2.621212121212121,31.0,334.3333333333333
diameter,404384,20.37970839598006,57.27829360551958,1.0,1.0,5.0,67.0,721.0
radius,404384,11.45753788478278,31.20140212690037,0.0,0.0,3.0,42.0,405.0
min_cut_upper,414820,8.494074538353985,9.868472793299642,0.0,0.0,3.0,28.0,58.0
central_point_of_dominance,414820,0.16410092724107472,0.21927574368282768,0.0,0.0,0.040881954252643904,0.5454545454545454,1.0
std_dev_adjacency_matrix,414820,9.045859337488604,19.58616599348502,0.0,0.21295885499998,1.3741166254615227,52.89647590530124,174.45720112073604
igdepth,414820,136.1205149221349,138.78092766453432,0.0,6.0,88.0,423.0,1121.0
statevector_saved_sparsity,213083,0.7439515342896705,0.40232051849318995,9.313225746154785e-10,0.000244140625,1.0,1.0,1.0
statevector_saved_shannon_entropy,129596,7.0897519694082884,3.9996778777111404,5.315084951819779e-15,1.0000000000108753,6.570323483968494,13.753995407702945,18.91629935100824
