circuit_hash,qpy_path,num_qubits,depth,circuit_size,sqlite_success,sqlite_wall_s,sqlite_peak_rss_bytes,sqlite_pagecache_overflow_bytes,sqlite_total_cte_count,sqlite_contraction_cte_count,best_qiskit_time_method,best_qiskit_time_mode,best_qiskit_wall_s,best_qiskit_rss_method,best_qiskit_rss_mode,best_qiskit_peak_rss_bytes,successful_qiskit_runs,failed_qiskit_runs
0002f03d8800974fa0082d17c88c60c429f4c89b6ecc6e7e8ecb6eb579d86ed8,/home/timlittau/Documents/InferQ/analysis/finetuned_rdbms_162/qpy/0002f03d8800974fa0082d17c88c60c429f4c89b6ecc6e7e8ecb6eb579d86ed8.qpy,12,35,96,True,0.05754553689621389,207462400,0,88,82,statevector,single,0.006571561098098755,automatic,multi,210489344,10,4
000859b011a971cec40d9751ea0663cdb41e0df3d8e956d0d85536a1dd497b3f,/home/timlittau/Documents/InferQ/analysis/finetuned_rdbms_162/qpy/000859b011a971cec40d9751ea0663cdb41e0df3d8e956d0d85536a1dd497b3f.qpy,4,5,8,True,0.0037425789050757885,202813440,0,45,39,automatic,multi,0.0030204819049686193,unitary,multi,205950976,10,4
000c74623b1dde87feb64ff68d69e6625b126dfd9fd3070b1669d44fcff77e00,/home/timlittau/Documents/InferQ/analysis/finetuned_rdbms_162/qpy/000c74623b1dde87feb64ff68d69e6625b126dfd9fd3070b1669d44fcff77e00.qpy,10,7,24,True,0.001773645868524909,202518528,0,25,21,statevector,multi,0.0034371649380773306,density_matrix,multi,201605120,14,0
000cff934cb3e2da10f6e6aed87cf30c4aab597619b0ff20097ade0330ce0d89,/home/timlittau/Documents/InferQ/analysis/finetuned_rdbms_162/qpy/000cff934cb3e2da10f6e6aed87cf30c4aab597619b0ff20097ade0330ce0d89.qpy,11,56,264,True,0.0011045439168810844,200556544,0,24,20,matrix_product_state,multi,0.012963064014911652,automatic,multi,201465856,10,4
000dd14e82c044be2a132faa2837244683336a3ba01c3cad25f96c25280686c3,/home/timlittau/Documents/InferQ/analysis/finetuned_rdbms_162/qpy/000dd14e82c044be2a132faa2837244683336a3ba01c3cad25f96c25280686c3.qpy,10,21,107,True,0.03599030990153551,205844480,0,81,75,statevector,multi,0.005073406035080552,density_matrix,multi,208470016,10,4
00100b4430ca54efbc592eaeb6abbf1d19f7012742041e24e8072be2d03db4cb,/home/timlittau/Documents/InferQ/analysis/finetuned_rdbms_162/qpy/00100b4430ca54efbc592eaeb6abbf1d19f7012742041e24e8072be2d03db4cb.qpy,7,8,14,True,0.017558200052008033,207253504,0,129,123,automatic,single,0.020488390000537038,statevector,multi,225021952,10,4
001017a6a10b03e39c96abbf7190c277c04b1cc83fb7a8078a7b56bbe84d0806,/home/timlittau/Documents/InferQ/analysis/finetuned_rdbms_162/qpy/001017a6a10b03e39c96abbf7190c277c04b1cc83fb7a8078a7b56bbe84d0806.qpy,15,21,70,True,0.20980784390121698,217882624,0,88,83,extended_stabilizer,single,0.0045354049652814865,statevector,multi,216489984,14,0
00107fe9f0ea025bfd391064f72e89503d1e11edd5a1e4c6dcc9d7f61a6c4c82,/home/timlittau/Documents/InferQ/analysis/finetuned_rdbms_162/qpy/00107fe9f0ea025bfd391064f72e89503d1e11edd5a1e4c6dcc9d7f61a6c4c82.qpy,6,6,11,True,0.001990980003029108,201273344,0,25,20,unitary,multi,0.0015452220104634762,statevector,multi,203333632,10,4
001489773282c79e4f60ee635e7671a50f87ed7c4dc151bc69eab9439f179803,/home/timlittau/Documents/InferQ/analysis/finetuned_rdbms_162/qpy/001489773282c79e4f60ee635e7671a50f87ed7c4dc151bc69eab9439f179803.qpy,8,43,72,True,0.0070169169921427965,205152256,0,77,70,statevector,single,0.0038159098476171494,density_matrix,multi,212557824,10,4
001642dd034fdcdb145e218efddedcf91b427d8e39b642649b9ade2248c01a44,/home/timlittau/Documents/InferQ/analysis/finetuned_rdbms_162/qpy/001642dd034fdcdb145e218efddedcf91b427d8e39b642649b9ade2248c01a44.qpy,12,15,41,True,0.031797674018889666,204963840,0,55,51,extended_stabilizer,multi,0.003623447846621275,density_matrix,multi,208936960,14,0
0019664d2e63114681e2254d1344dfea89a73d35a871303714956fdd9c88c8f6,/home/timlittau/Documents/InferQ/analysis/finetuned_rdbms_162/qpy/0019664d2e63114681e2254d1344dfea89a73d35a871303714956fdd9c88c8f6.qpy,10,11,11,True,0.04254424199461937,207646720,0,101,95,statevector,single,0.0054905530996620655,density_matrix,multi,214269952,10,4
001b8d0524a637ee3105337ea65167c232d2e568358a4372b833e12afc0ee32f,/home/timlittau/Documents/InferQ/analysis/finetuned_rdbms_162/qpy/001b8d0524a637ee3105337ea65167c232d2e568358a4372b833e12afc0ee32f.qpy,10,1,1,True,0.09660863713361323,206639104,0,100,94,automatic,multi,0.003827938809990883,density_matrix,multi,215900160,10,4
001d0de74af978f70d1d8f2a829a24a09a06fed26268a9ec89312035216b63b8,/home/timlittau/Documents/InferQ/analysis/finetuned_rdbms_162/qpy/001d0de74af978f70d1d8f2a829a24a09a06fed26268a9ec89312035216b63b8.qpy,7,8,14,True,0.017534095095470548,207929344,0,129,123,automatic,single,0.019294143887236714,statevector,multi,224915456,10,4
0028a557b2cd80eb61bf9d1dbddba7ebc7011bc2f454c29a24b35ccec052ef01,/home/timlittau/Documents/InferQ/analysis/finetuned_rdbms_162/qpy/0028a557b2cd80eb61bf9d1dbddba7ebc7011bc2f454c29a24b35ccec052ef01.qpy,8,13,46,True,0.005925332894548774,203780096,0,58,49,automatic,multi,0.00259578600525856,statevector,multi,204578816,10,4
0029461aa3cf3bf250ec3d326ae6554743b8568fcd19b1d104f36e35aadf8cdf,/home/timlittau/Documents/InferQ/analysis/finetuned_rdbms_162/qpy/0029461aa3cf3bf250ec3d326ae6554743b8568fcd19b1d104f36e35aadf8cdf.qpy,1,1,1,True,0.00011960486881434917,200810496,0,2,0,unitary,single,0.000484514981508255,statevector,multi,202240000,10,4
002bf1eb5e259f7380a150993d9a97e1dda3399b209a8e6a43f9b077a7f2c90d,/home/timlittau/Documents/InferQ/analysis/finetuned_rdbms_162/qpy/002bf1eb5e259f7380a150993d9a97e1dda3399b209a8e6a43f9b077a7f2c90d.qpy,4,5,8,True,0.0037236069329082966,203374592,0,45,39,statevector,single,0.004395258845761418,matrix_product_state,multi,206163968,10,4
002f18e3797e6468af60c79c0e0d26c733341ce6392a2e09f9b1c00ab1bd57ec,/home/timlittau/Documents/InferQ/analysis/finetuned_rdbms_162/qpy/002f18e3797e6468af60c79c0e0d26c733341ce6392a2e09f9b1c00ab1bd57ec.qpy,5,6,10,True,0.006405498133972287,205524992,0,68,62,automatic,multi,0.005600905977189541,statevector,single,210624512,10,4
002fcb17d1bda87c17a0264f8f5e8c98337c99946aa28ad1b296d1ba6886cd54,/home/timlittau/Documents/InferQ/analysis/finetuned_rdbms_162/qpy/002fcb17d1bda87c17a0264f8f5e8c98337c99946aa28ad1b296d1ba6886cd54.qpy,2,17,29,True,0.00101420097053051,200847360,0,16,11,unitary,multi,0.001244266051799059,statevector,multi,203005952,10,4
0031b353b73c891e8dbb9f04381cd2d24f643d65d2c00178ad9196734606d69c,/home/timlittau/Documents/InferQ/analysis/finetuned_rdbms_162/qpy/0031b353b73c891e8dbb9f04381cd2d24f643d65d2c00178ad9196734606d69c.qpy,4,8,11,True,0.0042181420139968395,202952704,0,48,42,automatic,multi,0.004184064920991659,density_matrix,multi,204333056,10,4
0032a5cb791669d5f950bb3b6533d654de70ea4044fccfd9ce1e8d8e1946f1b0,/home/timlittau/Documents/InferQ/analysis/finetuned_rdbms_162/qpy/0032a5cb791669d5f950bb3b6533d654de70ea4044fccfd9ce1e8d8e1946f1b0.qpy,11,52,132,True,0.3098391571547836,211382272,0,103,97,statevector,single,0.006138958036899567,density_matrix,multi,221093888,10,4
0032ffff396adf452a359664c3603ec529f0582879da43dd69aa66e4b2780fe5,/home/timlittau/Documents/InferQ/analysis/finetuned_rdbms_162/qpy/0032ffff396adf452a359664c3603ec529f0582879da43dd69aa66e4b2780fe5.qpy,4,23,56,True,0.003926296019926667,202383360,0,44,38,unitary,single,0.0014368898700922728,matrix_product_state,multi,204648448,10,4
003378d47280b3a61bf1ea1ee44f151f010ddac6d35dde31a9538c6fbfc22ae2,/home/timlittau/Documents/InferQ/analysis/finetuned_rdbms_162/qpy/003378d47280b3a61bf1ea1ee44f151f010ddac6d35dde31a9538c6fbfc22ae2.qpy,7,8,14,True,0.01792976213619113,206934016,0,129,123,automatic,multi,0.018829467007890344,statevector,multi,225423360,10,4
0033fc046ce093bcf7948bc7f7f81db8dcd59d9f925fd002b0a908fd64ddb76c,/home/timlittau/Documents/InferQ/analysis/finetuned_rdbms_162/qpy/0033fc046ce093bcf7948bc7f7f81db8dcd59d9f925fd002b0a908fd64ddb76c.qpy,13,52,146,True,0.7317007079254836,224247808,0,156,149,statevector,multi,0.009313047863543034,density_matrix,multi,225681408,10,4
003812c232aa67ced3665eed14a8ee7e0ecae4229f5f64bdfa43de92bdabea84,/home/timlittau/Documents/InferQ/analysis/finetuned_rdbms_162/qpy/003812c232aa67ced3665eed14a8ee7e0ecae4229f5f64bdfa43de92bdabea84.qpy,10,22,40,True,0.01953788590617478,204947456,0,79,69,automatic,multi,0.0027295569889247417,density_matrix,multi,207052800,10,4
0038713dd6823e32001e0a083ff7ef0155e96934fcecf4aee15b86c8df9b3374,/home/timlittau/Documents/InferQ/analysis/finetuned_rdbms_162/qpy/0038713dd6823e32001e0a083ff7ef0155e96934fcecf4aee15b86c8df9b3374.qpy,14,7,32,True,0.002088214037939906,201846784,0,29,25,extended_stabilizer,single,0.002778311027213931,density_matrix,multi,204468224,14,0
003d951857a77f5ddd1609499fe3ef092e2d5b95ee427f94c0ae740eade55d68,/home/timlittau/Documents/InferQ/analysis/finetuned_rdbms_162/qpy/003d951857a77f5ddd1609499fe3ef092e2d5b95ee427f94c0ae740eade55d68.qpy,3,5,9,True,0.0012031788937747478,199999488,0,18,13,unitary,single,0.0007841861806809902,statevector,multi,203132928,10,4
003ec69648e883eea39aabfcb88ff4812b9d16fe8633ae5711fa4e21d1631461,/home/timlittau/Documents/InferQ/analysis/finetuned_rdbms_162/qpy/003ec69648e883eea39aabfcb88ff4812b9d16fe8633ae5711fa4e21d1631461.qpy,15,20,88,True,0.2958207130432129,218681344,0,76,71,statevector,multi,0.006472018780186772,statevector,multi,210358272,10,4
003fe33d0d25432577400a77176d8098df30e3d34b4f39657619ed5841a4ab26,/home/timlittau/Documents/InferQ/analysis/finetuned_rdbms_162/qpy/003fe33d0d25432577400a77176d8098df30e3d34b4f39657619ed5841a4ab26.qpy,15,50,156,True,2.2657907421234995,269365248,0,178,169,statevector,multi,0.008386105066165328,statevector,multi,237649920,10,4
0040949cdec155051dd0cdefac84b9de5e78e446a488cfb0bd7b9b896d9ef471,/home/timlittau/Documents/InferQ/analysis/finetuned_rdbms_162/qpy/0040949cdec155051dd0cdefac84b9de5e78e446a488cfb0bd7b9b896d9ef471.qpy,9,20,96,True,0.0208494090475142,204820480,0,73,67,automatic,multi,0.00385358021594584,density_matrix,multi,207437824,10,4
0042dc839daaf44136cdfa46ee2ca5df1f36bebb8b9ed53c6b9792dfa2d5b807,/home/timlittau/Documents/InferQ/analysis/finetuned_rdbms_162/qpy/0042dc839daaf44136cdfa46ee2ca5df1f36bebb8b9ed53c6b9792dfa2d5b807.qpy,6,15,27,True,0.011230904841795564,206295040,0,85,80,automatic,multi,0.006051466101780534,statevector,multi,215080960,10,4
0045406d435915bf33cfa993ac98c50aae24913394498979f9a278097b0c62e8,/home/timlittau/Documents/InferQ/analysis/finetuned_rdbms_162/qpy/0045406d435915bf33cfa993ac98c50aae24913394498979f9a278097b0c62e8.qpy,6,9,29,True,0.0026493140030652285,202928128,0,32,27,statevector,single,0.0025823689065873623,statevector,multi,205168640,10,4
00459eccd8995ada0dde991f94899a176decef34d3c58eb1a6b26aaa0cc895f7,/home/timlittau/Documents/InferQ/analysis/finetuned_rdbms_162/qpy/00459eccd8995ada0dde991f94899a176decef34d3c58eb1a6b26aaa0cc895f7.qpy,10,16,37,True,0.011052760994061828,203427840,0,49,45,extended_stabilizer,single,0.0032316348515450954,density_matrix,multi,205086720,14,0
004af3a16432f56e79f4200efdbc91db080bdb5e6c0c08c485377c67a922d4fe,/home/timlittau/Documents/InferQ/analysis/finetuned_rdbms_162/qpy/004af3a16432f56e79f4200efdbc91db080bdb5e6c0c08c485377c67a922d4fe.qpy,11,15,40,True,0.015460781985893846,204259328,0,54,49,extended_stabilizer,single,0.003334677079692483,density_matrix,multi,207470592,14,0
004bfbf89ef4470353c265467c718360ebe18f71120f74e9c4f8e9746f9a71a5,/home/timlittau/Documents/InferQ/analysis/finetuned_rdbms_162/qpy/004bfbf89ef4470353c265467c718360ebe18f71120f74e9c4f8e9746f9a71a5.qpy,10,1,1,True,0.0976625201292336,205824000,0,84,78,automatic,multi,0.0033889838960021734,density_matrix,multi,212291584,10,4
00551435ffa5cf6c1cd146fced08c4e6d1ba76accde83bba0f24f2ade5d8aa3c,/home/timlittau/Documents/InferQ/analysis/finetuned_rdbms_162/qpy/00551435ffa5cf6c1cd146fced08c4e6d1ba76accde83bba0f24f2ade5d8aa3c.qpy,11,45,125,True,0.03463448118418455,207085568,0,107,101,statevector,single,0.005975069012492895,automatic,multi,213393408,10,4
0059f03076c236ff6c366e43f5e73b0aaae01886cbefc4c251a51ce1bb452d95,/home/timlittau/Documents/InferQ/analysis/finetuned_rdbms_162/qpy/0059f03076c236ff6c366e43f5e73b0aaae01886cbefc4c251a51ce1bb452d95.qpy,15,26,33,True,0.005072548985481262,203923456,0,64,58,statevector,multi,0.0044254951644688845,statevector,multi,209416192,10,4
005a5c4576e604e095b79fbc71dc7ae56d454a51bd65b54fbd47e1dd7dd1869f,/home/timlittau/Documents/InferQ/analysis/finetuned_rdbms_162/qpy/005a5c4576e604e095b79fbc71dc7ae56d454a51bd65b54fbd47e1dd7dd1869f.qpy,15,12,39,True,0.010740518104285002,202420224,0,46,41,extended_stabilizer,single,0.0027236430905759335,automatic,multi,199876608,14,0
005b20c41364bf0803efa5b9803543df3d925c35db044c5c663faacd480632b8,/home/timlittau/Documents/InferQ/analysis/finetuned_rdbms_162/qpy/005b20c41364bf0803efa5b9803543df3d925c35db044c5c663faacd480632b8.qpy,12,18,22,True,0.008590782061219215,205996032,0,87,81,automatic,single,0.011915357084944844,automatic,multi,210468864,10,4
005e45e1132d99187ab4bc10d83a173ebb9c158af3dbc1e79058f0118f315f3a,/home/timlittau/Documents/InferQ/analysis/finetuned_rdbms_162/qpy/005e45e1132d99187ab4bc10d83a173ebb9c158af3dbc1e79058f0118f315f3a.qpy,5,1,1,True,0.005211012903600931,203145216,0,50,44,unitary,multi,0.0017835369799286127,statevector,multi,208396288,10,4
0061cf2bab1901247dd18013215f70125f1acb02be872d20f04d4d463ab66f2a,/home/timlittau/Documents/InferQ/analysis/finetuned_rdbms_162/qpy/0061cf2bab1901247dd18013215f70125f1acb02be872d20f04d4d463ab66f2a.qpy,9,12,26,True,0.005467507988214493,202387456,0,38,33,extended_stabilizer,single,0.002752932021394372,density_matrix,multi,200630272,14,0
0062bc540794485a854184beef847ecbe6c6d294ea06c5c478285017a3499a62,/home/timlittau/Documents/InferQ/analysis/finetuned_rdbms_162/qpy/0062bc540794485a854184beef847ecbe6c6d294ea06c5c478285017a3499a62.qpy,15,23,66,True,0.21820196695625782,216526848,0,83,79,extended_stabilizer,single,0.004428284941241145,statevector,multi,216850432,14,0
0064d0f274c70b14cea167b8c8c15239376ba2764db790b7b968e7bf3008da2d,/home/timlittau/Documents/InferQ/analysis/finetuned_rdbms_162/qpy/0064d0f274c70b14cea167b8c8c15239376ba2764db790b7b968e7bf3008da2d.qpy,13,52,157,True,0.5498750878032297,223305728,0,158,149,automatic,single,0.008811970008537173,density_matrix,multi,226996224,10,4
006645a56cc168d3f440e3347646cff0ee7f413d77e2b2ae52fdcc821903823b,/home/timlittau/Documents/InferQ/analysis/finetuned_rdbms_162/qpy/006645a56cc168d3f440e3347646cff0ee7f413d77e2b2ae52fdcc821903823b.qpy,6,292,293,True,0.008935227058827877,203984896,0,60,51,statevector,multi,0.007395012071356177,statevector,multi,210411520,10,4
0066b3a45aad5ad6bacd69d925d0dc05175a0bb55b7c28046affd49a37905f61,/home/timlittau/Documents/InferQ/analysis/finetuned_rdbms_162/qpy/0066b3a45aad5ad6bacd69d925d0dc05175a0bb55b7c28046affd49a37905f61.qpy,6,1,1,True,0.007304708007723093,204038144,0,60,54,statevector,multi,0.0034860000014305115,statevector,multi,210739200,10,4
00688bd205d099cee9935d5216d98e85ceb05cd6eec3ffdef86dd3dbd1025589,/home/timlittau/Documents/InferQ/analysis/finetuned_rdbms_162/qpy/00688bd205d099cee9935d5216d98e85ceb05cd6eec3ffdef86dd3dbd1025589.qpy,12,8,29,True,0.002337068086490035,201838592,0,30,26,extended_stabilizer,single,0.002563798101618886,automatic,multi,199319552,14,0
00693e4aa6d9d3e3177f19155f69748e3087a8bffa4a0a5dbfd1cd3fa85714df,/home/timlittau/Documents/InferQ/analysis/finetuned_rdbms_162/qpy/00693e4aa6d9d3e3177f19155f69748e3087a8bffa4a0a5dbfd1cd3fa85714df.qpy,11,13,51,True,0.0032610860653221607,202289152,0,44,35,statevector,multi,0.0037897799629718065,automatic,multi,200921088,10,4
006ba62120b2b99d6ec813788dc190cecf10c3864da75e2f8993f7947e11a79c,/home/timlittau/Documents/InferQ/analysis/finetuned_rdbms_162/qpy/006ba62120b2b99d6ec813788dc190cecf10c3864da75e2f8993f7947e11a79c.qpy,6,7,12,True,0.01057029189541936,206299136,0,96,90,automatic,multi,0.009665707824751735,statevector,multi,216043520,10,4
006bde35e33bc36fee6dfd1b687a60c2346a357e79e444c11c67d776aac5f056,/home/timlittau/Documents/InferQ/analysis/finetuned_rdbms_162/qpy/006bde35e33bc36fee6dfd1b687a60c2346a357e79e444c11c67d776aac5f056.qpy,8,11,24,True,0.0038319919258356094,202407936,0,34,30,stabilizer,multi,0.002904898952692747,density_matrix,multi,203427840,14,0
006d0ac0deb9d9e2223f9a6939623166a3ffc7e100da2d8870d04cd74d3bc012,/home/timlittau/Documents/InferQ/analysis/finetuned_rdbms_162/qpy/006d0ac0deb9d9e2223f9a6939623166a3ffc7e100da2d8870d04cd74d3bc012.qpy,14,25,66,True,0.3112493718508631,219287552,0,132,127,statevector,single,0.030933026922866702,statevector,multi,224661504,10,4
00700dd61e7d1a91900ed84eff1c49e5e31a70ff2472849183ae348affeec55a,/home/timlittau/Documents/InferQ/analysis/finetuned_rdbms_162/qpy/00700dd61e7d1a91900ed84eff1c49e5e31a70ff2472849183ae348affeec55a.qpy,1,6,6,True,0.00012027611956000328,199884800,0,2,0,unitary,single,0.0005539820995181799,statevector,multi,202772480,10,4
0070994db1e2411f702c3abf2f60f019f710ee957a45798e8b1deb0c1adc9890,/home/timlittau/Documents/InferQ/analysis/finetuned_rdbms_162/qpy/0070994db1e2411f702c3abf2f60f019f710ee957a45798e8b1deb0c1adc9890.qpy,13,1,1,True,0.060900668846443295,206712832,0,55,49,automatic,single,0.0049151270650327206,density_matrix,multi,206888960,10,4
00724d1341cc7a5f41feb482b628b4fc65d4e846f5754e806f932f46158b939b,/home/timlittau/Documents/InferQ/analysis/finetuned_rdbms_162/qpy/00724d1341cc7a5f41feb482b628b4fc65d4e846f5754e806f932f46158b939b.qpy,9,17,65,True,0.02420116704888642,204152832,0,60,54,automatic,multi,0.0027072930242866278,density_matrix,multi,207409152,10,4
00725c79eee31f2bb8ef4d230593360131b2559ae304157607d7ea7b202972b6,/home/timlittau/Documents/InferQ/analysis/finetuned_rdbms_162/qpy/00725c79eee31f2bb8ef4d230593360131b2559ae304157607d7ea7b202972b6.qpy,9,19,34,True,0.007149756886065006,202608640,0,46,41,automatic,multi,0.00199704198166728,density_matrix,multi,202870784,10,4
00749ce283122a93cdd6c9a894404ac769bcd89b9929f96156cf67e85f2b7390,/home/timlittau/Documents/InferQ/analysis/finetuned_rdbms_162/qpy/00749ce283122a93cdd6c9a894404ac769bcd89b9929f96156cf67e85f2b7390.qpy,13,43,91,True,0.010372844990342855,205864960,0,138,128,matrix_product_state,multi,0.004516921006143093,density_matrix,multi,217055232,10,4
0078c7dcfa0d2b2e291c8b2639473b57a2f24c62fad07b65f3cf48a3cd76f251,/home/timlittau/Documents/InferQ/analysis/finetuned_rdbms_162/qpy/0078c7dcfa0d2b2e291c8b2639473b57a2f24c62fad07b65f3cf48a3cd76f251.qpy,11,14,42,True,0.0174953390378505,203571200,0,56,51,extended_stabilizer,single,0.003443629015237093,density_matrix,multi,207675392,14,0
007ee1f1ff2a1ce1603613e6a569d1d703198675e3c50ab02d5f9fed277e1531,/home/timlittau/Documents/InferQ/analysis/finetuned_rdbms_162/qpy/007ee1f1ff2a1ce1603613e6a569d1d703198675e3c50ab02d5f9fed277e1531.qpy,5,6,10,True,0.0065473339054733515,204328960,0,68,62,automatic,multi,0.0070882870350033045,statevector,multi,209264640,10,4
0080bd3e727825c2224d6addc2ffb7f0d33b294e0ead63f247de6d556a4df1b3,/home/timlittau/Documents/InferQ/analysis/finetuned_rdbms_162/qpy/0080bd3e727825c2224d6addc2ffb7f0d33b294e0ead63f247de6d556a4df1b3.qpy,11,33,101,True,0.0788306170143187,209375232,0,118,109,statevector,single,0.005401023896411061,density_matrix,multi,216756224,10,4
0087b155b3584f83885d43608a4a399264f3b563a1f94d09eb9335e576eb1dba,/home/timlittau/Documents/InferQ/analysis/finetuned_rdbms_162/qpy/0087b155b3584f83885d43608a4a399264f3b563a1f94d09eb9335e576eb1dba.qpy,4,22,37,True,0.003509080968797207,202801152,0,41,35,density_matrix,single,0.002387074986472726,matrix_product_state,single,205213696,10,4
008908046e9e4d77676ed790bd1f8abc10ba3bb56626ea7fbf6d98d82a57123e,/home/timlittau/Documents/InferQ/analysis/finetuned_rdbms_162/qpy/008908046e9e4d77676ed790bd1f8abc10ba3bb56626ea7fbf6d98d82a57123e.qpy,4,5,8,True,0.003687068819999695,203079680,0,45,39,unitary,single,0.003912396030500531,matrix_product_state,multi,205910016,10,4
008c607faddc4dd119768f8c27feee980c0eb42398a6217dd1dcfe2a77b1110d,/home/timlittau/Documents/InferQ/analysis/finetuned_rdbms_162/qpy/008c607faddc4dd119768f8c27feee980c0eb42398a6217dd1dcfe2a77b1110d.qpy,5,6,10,True,0.006308057811111212,205541376,0,68,62,statevector,multi,0.007126746000722051,statevector,multi,211062784,10,4
008d7d2d32597e947c72f0d86badbd8c0184e2bcf45f8975c7e7962a81b1d25f,/home/timlittau/Documents/InferQ/analysis/finetuned_rdbms_162/qpy/008d7d2d32597e947c72f0d86badbd8c0184e2bcf45f8975c7e7962a81b1d25f.qpy,10,15,34,True,0.0061953249387443066,205516800,0,78,72,statevector,single,0.004295971943065524,density_matrix,multi,207773696,10,4
0090b72ef89b7fc76f20b62ee977a588935b62347bf51d09dc73d6c137a4007a,/home/timlittau/Documents/InferQ/analysis/finetuned_rdbms_162/qpy/0090b72ef89b7fc76f20b62ee977a588935b62347bf51d09dc73d6c137a4007a.qpy,1,4,4,True,0.00011445395648479462,201052160,0,2,0,density_matrix,multi,0.0006933838594704866,statevector,multi,202539008,10,4
0091de015faf27adbfe6dc0954f8c8457bd5c7637d7c7118a4fa16ba4134d590,/home/timlittau/Documents/InferQ/analysis/finetuned_rdbms_162/qpy/0091de015faf27adbfe6dc0954f8c8457bd5c7637d7c7118a4fa16ba4134d590.qpy,9,1,1,True,0.005620015086606145,202432512,0,39,33,automatic,single,0.0031453799456357956,matrix_product_state,multi,200302592,10,4
009915dd437f46630f6dc7554b93e1b1afbbef2c7e6503570e626bb0fb457aaa,/home/timlittau/Documents/InferQ/analysis/finetuned_rdbms_162/qpy/009915dd437f46630f6dc7554b93e1b1afbbef2c7e6503570e626bb0fb457aaa.qpy,3,4,6,True,0.001959353918209672,201891840,0,26,21,statevector,single,0.0028557509649544954,statevector,multi,204677120,10,4
0099a04c527fa7dd74d7a09d85f4ef05dcb4bbfd697ddf9021213aa84b45a6c0,/home/timlittau/Documents/InferQ/analysis/finetuned_rdbms_162/qpy/0099a04c527fa7dd74d7a09d85f4ef05dcb4bbfd697ddf9021213aa84b45a6c0.qpy,1,19,19,True,0.00011555221863090992,201117696,0,2,0,unitary,single,0.0006895889528095722,statevector,multi,202547200,10,4
0099dd619a800292f9eff1d3bcc3e0551b983a9e0db2470f8141021772e3d142,/home/timlittau/Documents/InferQ/analysis/finetuned_rdbms_162/qpy/0099dd619a800292f9eff1d3bcc3e0551b983a9e0db2470f8141021772e3d142.qpy,4,12,21,True,0.0019354389514774084,202866688,0,30,22,automatic,multi,0.0015216679312288761,statevector,multi,205701120,10,4
009eed57c827cadc8ad7bec90f343c9dceb7d0034734f5807ac098e300e22bc6,/home/timlittau/Documents/InferQ/analysis/finetuned_rdbms_162/qpy/009eed57c827cadc8ad7bec90f343c9dceb7d0034734f5807ac098e300e22bc6.qpy,4,20,44,True,0.003133052960038185,202383360,0,36,30,unitary,single,0.0012403950095176697,statevector,multi,206102528,10,4
009f194ed47d66277dd5cf4295dce603ab5e3e8f6fa55b00fef598578814a477,/home/timlittau/Documents/InferQ/analysis/finetuned_rdbms_162/qpy/009f194ed47d66277dd5cf4295dce603ab5e3e8f6fa55b00fef598578814a477.qpy,6,18,52,True,0.005318049807101488,202407936,0,44,38,unitary,multi,0.002550862031057477,matrix_product_state,single,205082624,10,4
00a1a13c3282e6501bfd75c172359c07b504155db0cd4cce57027dbc6c8c8621,/home/timlittau/Documents/InferQ/analysis/finetuned_rdbms_162/qpy/00a1a13c3282e6501bfd75c172359c07b504155db0cd4cce57027dbc6c8c8621.qpy,4,1,1,True,0.0034657029900699854,202838016,0,40,34,unitary,single,0.0013702320866286755,unitary,multi,205451264,10,4
00a35e5f35e4acfeb6dc3292a03a1f20118a4a7efb301407b0929a2c3c22c002,/home/timlittau/Documents/InferQ/analysis/finetuned_rdbms_162/qpy/00a35e5f35e4acfeb6dc3292a03a1f20118a4a7efb301407b0929a2c3c22c002.qpy,10,23,100,True,0.09705903311260045,205656064,0,84,78,statevector,single,0.0048319760244339705,density_matrix,multi,212348928,10,4
00a37f1c5cc6549bc2a5c1a53bbebe60efa9a9f406d1e57f4fd44ce1434b0114,/home/timlittau/Documents/InferQ/analysis/finetuned_rdbms_162/qpy/00a37f1c5cc6549bc2a5c1a53bbebe60efa9a9f406d1e57f4fd44ce1434b0114.qpy,9,1,1,True,0.028332761954516172,205156352,0,73,67,automatic,multi,0.0033682200592011213,density_matrix,multi,207548416,10,4
00aa047cb2cca6b093f4c0ff606b1540d3f8bed855e95c4a4e50997095156197,/home/timlittau/Documents/InferQ/analysis/finetuned_rdbms_162/qpy/00aa047cb2cca6b093f4c0ff606b1540d3f8bed855e95c4a4e50997095156197.qpy,10,14,35,True,0.008564582094550133,202993664,0,47,43,extended_stabilizer,single,0.0031608338467776775,density_matrix,multi,204189696,14,0
00ad4ec6fb3eff5ef124c190e438f62a9e2ced72221336cb9c93ca2df37367e6,/home/timlittau/Documents/InferQ/analysis/finetuned_rdbms_162/qpy/00ad4ec6fb3eff5ef124c190e438f62a9e2ced72221336cb9c93ca2df37367e6.qpy,5,39,88,True,0.005315840011462569,204009472,0,61,55,unitary,multi,0.0023569390177726746,statevector,multi,210272256,10,4
00af4b6764c0db21e82b737573094b6ef25302813bf0807454cae1dd4716d184,/home/timlittau/Documents/InferQ/analysis/finetuned_rdbms_162/qpy/00af4b6764c0db21e82b737573094b6ef25302813bf0807454cae1dd4716d184.qpy,12,12,34,True,0.0016278319526463747,201080832,0,25,21,extended_stabilizer,multi,0.0024549199733883142,automatic,multi,199114752,14,0
00b07c6c6d0efc21a7c9e0b61030605dbf6303d1ab690b25b4e142fb737f1f86,/home/timlittau/Documents/InferQ/analysis/finetuned_rdbms_162/qpy/00b07c6c6d0efc21a7c9e0b61030605dbf6303d1ab690b25b4e142fb737f1f86.qpy,14,9,34,True,0.0032236450351774693,201744384,0,35,31,extended_stabilizer,single,0.002817676868289709,density_matrix,multi,203698176,14,0
00b80495a2116ef88125dd275b318b46c9f061c65e101fd71f417b6dcfc515af,/home/timlittau/Documents/InferQ/analysis/finetuned_rdbms_162/qpy/00b80495a2116ef88125dd275b318b46c9f061c65e101fd71f417b6dcfc515af.qpy,3,22,41,True,0.004014221951365471,202924032,0,49,41,unitary,single,0.0023078389931470156,density_matrix,single,205090816,10,4
00bdb274ad9909482626cdb3530e9b12b4ca9857a7ab52ccfaf3d36b649cfdd1,/home/timlittau/Documents/InferQ/analysis/finetuned_rdbms_162/qpy/00bdb274ad9909482626cdb3530e9b12b4ca9857a7ab52ccfaf3d36b649cfdd1.qpy,8,22,64,True,0.013473913073539734,204660736,0,71,62,unitary,multi,0.003334564156830311,statevector,multi,209567744,10,4
00c10199e38090eeb5411425af63642afb3306059a458ca56d5140f01d49dd35,/home/timlittau/Documents/InferQ/analysis/finetuned_rdbms_162/qpy/00c10199e38090eeb5411425af63642afb3306059a458ca56d5140f01d49dd35.qpy,12,35,77,True,0.23985814582556486,210685952,0,94,87,automatic,single,0.006099124206230044,density_matrix,multi,218238976,10,4
00c176145517a1ae79737568cac342ab63faad8907ac6baf5259492c7b173685,/home/timlittau/Documents/InferQ/analysis/finetuned_rdbms_162/qpy/00c176145517a1ae79737568cac342ab63faad8907ac6baf5259492c7b173685.qpy,9,33,81,True,0.008545660180971026,203481088,0,64,58,automatic,multi,0.003419270971789956,density_matrix,multi,205463552,10,4
00c1b13978d245f6da24965d56335002de703b35a8274f834f5e63436139162a,/home/timlittau/Documents/InferQ/analysis/finetuned_rdbms_162/qpy/00c1b13978d245f6da24965d56335002de703b35a8274f834f5e63436139162a.qpy,4,21,55,True,0.004993923008441925,203177984,0,54,48,unitary,single,0.003334588836878538,statevector,multi,209518592,10,4
00c40138362fd5e43a5658676f3e0b55b2f3feaddde3ab73df2821354890bd46,/home/timlittau/Documents/InferQ/analysis/finetuned_rdbms_162/qpy/00c40138362fd5e43a5658676f3e0b55b2f3feaddde3ab73df2821354890bd46.qpy,3,8,20,True,0.0008147789631038904,200028160,0,14,10,unitary,multi,0.0008198260329663754,statevector,multi,201572352,10,4
00c9becc6264c65d2781ca5359ce91540c8cb3cff518ff8caf62090b0cc08465,/home/timlittau/Documents/InferQ/analysis/finetuned_rdbms_162/qpy/00c9becc6264c65d2781ca5359ce91540c8cb3cff518ff8caf62090b0cc08465.qpy,9,14,33,True,0.006901337997987866,203739136,0,46,40,extended_stabilizer,multi,0.002926494926214218,density_matrix,multi,202104832,14,0
00cbb6840d9d537437ecbc990236e17e56fbc206b3a98e8f506f9c15ffdd4508,/home/timlittau/Documents/InferQ/analysis/finetuned_rdbms_162/qpy/00cbb6840d9d537437ecbc990236e17e56fbc206b3a98e8f506f9c15ffdd4508.qpy,14,19,69,True,0.2677820979151875,219336704,0,140,134,statevector,multi,0.01236897916533053,statevector,multi,223846400,10,4
00d1d1eb8b59b37a53189e24e68c3e946f18affa7c82ed4eb28ed3f8e21cf4c7,/home/timlittau/Documents/InferQ/analysis/finetuned_rdbms_162/qpy/00d1d1eb8b59b37a53189e24e68c3e946f18affa7c82ed4eb28ed3f8e21cf4c7.qpy,14,39,64,True,0.13433437701314688,212844544,0,82,76,automatic,single,0.008672087918967009,statevector,multi,213749760,10,4
00d46f73fd0ec237d1ca633e421957bbf00ea7ffbe4596c781d6fd8c226502c5,/home/timlittau/Documents/InferQ/analysis/finetuned_rdbms_162/qpy/00d46f73fd0ec237d1ca633e421957bbf00ea7ffbe4596c781d6fd8c226502c5.qpy,4,21,26,True,0.002562049077823758,202338304,0,36,28,automatic,multi,0.0013426670338958502,statevector,multi,205754368,10,4
00da97da4de0308ac7b14ce8c47e9779a0c1cfc28395a644cabd17ae703ddc7f,/home/timlittau/Documents/InferQ/analysis/finetuned_rdbms_162/qpy/00da97da4de0308ac7b14ce8c47e9779a0c1cfc28395a644cabd17ae703ddc7f.qpy,15,37,67,True,0.0086900619789958,205856768,0,111,104,statevector,multi,0.0061364430002868176,statevector,multi,214507520,10,4
00e11bb726d67d34bff07041b47b942075be1ccfa05335eef99c02b3afacdbb7,/home/timlittau/Documents/InferQ/analysis/finetuned_rdbms_162/qpy/00e11bb726d67d34bff07041b47b942075be1ccfa05335eef99c02b3afacdbb7.qpy,3,10,18,True,0.001462707994505763,201981952,0,20,16,unitary,single,0.0007613608613610268,statevector,multi,204009472,10,4
00e1ff27cc211fd0f89be0242ad4627e59c90b439c839fcbe15c92d74755276d,/home/timlittau/Documents/InferQ/analysis/finetuned_rdbms_162/qpy/00e1ff27cc211fd0f89be0242ad4627e59c90b439c839fcbe15c92d74755276d.qpy,6,12,21,True,0.005923971999436617,205762560,0,82,73,statevector,multi,0.005078076152130961,statevector,multi,213061632,10,4
00ec5fb4a226b8b08e8bad04fe6b4d437d2ce245024abf00877fb2a96426fdf7,/home/timlittau/Documents/InferQ/analysis/finetuned_rdbms_162/qpy/00ec5fb4a226b8b08e8bad04fe6b4d437d2ce245024abf00877fb2a96426fdf7.qpy,11,17,40,True,0.017349393106997013,203984896,0,54,49,extended_stabilizer,single,0.0033749560825526714,density_matrix,multi,207810560,14,0
00ecc9493970261db82fdbec1cab729699b8ca7a1d31dc596dedc781d8c6301e,/home/timlittau/Documents/InferQ/analysis/finetuned_rdbms_162/qpy/00ecc9493970261db82fdbec1cab729699b8ca7a1d31dc596dedc781d8c6301e.qpy,15,26,81,True,0.24468475487083197,215617536,0,113,108,statevector,multi,0.01014383602887392,statevector,multi,221663232,10,4
00ecd9e5c067687b352fb7f5d412c4130394db28976309c353e94f1eead33fbe,/home/timlittau/Documents/InferQ/analysis/finetuned_rdbms_162/qpy/00ecd9e5c067687b352fb7f5d412c4130394db28976309c353e94f1eead33fbe.qpy,13,1,1,True,0.11104544787667692,209952768,0,80,74,automatic,single,0.006278382148593664,density_matrix,multi,210767872,10,4
00ee8e8283de8007aabf4ccf5115b213b565e7fbebed8c8c286912755c1e877d,/home/timlittau/Documents/InferQ/analysis/finetuned_rdbms_162/qpy/00ee8e8283de8007aabf4ccf5115b213b565e7fbebed8c8c286912755c1e877d.qpy,7,13,47,True,0.0057394609320908785,203780096,0,51,45,automatic,multi,0.0021235509775578976,matrix_product_state,multi,205684736,10,4
00ef46d5f22d8c19e0e884391483426ac59050122810315a89a7d069cdb7dfc0,/home/timlittau/Documents/InferQ/analysis/finetuned_rdbms_162/qpy/00ef46d5f22d8c19e0e884391483426ac59050122810315a89a7d069cdb7dfc0.qpy,14,20,60,True,0.10520758107304573,210739200,0,77,72,extended_stabilizer,single,0.004224517848342657,statevector,multi,213876736,14,0
00ef714d919f3353835832e35bfdc45992d9acd7c9847253227777f07554b6f6,/home/timlittau/Documents/InferQ/analysis/finetuned_rdbms_162/qpy/00ef714d919f3353835832e35bfdc45992d9acd7c9847253227777f07554b6f6.qpy,5,8,15,True,0.0020799068734049797,201859072,0,29,22,unitary,single,0.0016004941426217556,statevector,multi,204500992,10,4
00f0fe2fb30ad5cc450dac08b509cb8d4bfadbf3a7d8eab488d39c4be140d580,/home/timlittau/Documents/InferQ/analysis/finetuned_rdbms_162/qpy/00f0fe2fb30ad5cc450dac08b509cb8d4bfadbf3a7d8eab488d39c4be140d580.qpy,13,29,170,True,0.15731076011434197,209874944,0,110,104,automatic,single,0.00885126693174243,density_matrix,multi,219734016,10,4
00f8d59eee000223bf0530763bc8e4e2a8f3c37ed318e9906143918fe6aec287,/home/timlittau/Documents/InferQ/analysis/finetuned_rdbms_162/qpy/00f8d59eee000223bf0530763bc8e4e2a8f3c37ed318e9906143918fe6aec287.qpy,15,8,35,True,0.0026191428769379854,201523200,0,33,29,extended_stabilizer,multi,0.002707822946831584,automatic,multi,202485760,14,0
00fdba0ca5ff9b2d09a56fb7bae713216052ecae3430289dd0ed013b2ccf2c44,/home/timlittau/Documents/InferQ/analysis/finetuned_rdbms_162/qpy/00fdba0ca5ff9b2d09a56fb7bae713216052ecae3430289dd0ed013b2ccf2c44.qpy,4,28,51,True,0.0048850299790501595,203161600,0,55,49,automatic,single,0.002484129974618554,statevector,multi,209395712,10,4
00fe1a12e354036ecd34d0a97f1946ec1272dfe90a20773a3ad4207dd4910679,/home/timlittau/Documents/InferQ/analysis/finetuned_rdbms_162/qpy/00fe1a12e354036ecd34d0a97f1946ec1272dfe90a20773a3ad4207dd4910679.qpy,2,172,251,True,0.000981318997219205,201461760,0,16,11,unitary,single,0.008222626987844706,statevector,multi,204922880,10,4
00fe6eeb68b9a8b205cdf11c874a07dee5bfdf37b864842b92de0b4f3a7b65c0,/home/timlittau/Documents/InferQ/analysis/finetuned_rdbms_162/qpy/00fe6eeb68b9a8b205cdf11c874a07dee5bfdf37b864842b92de0b4f3a7b65c0.qpy,7,24,62,True,0.010039689019322395,205246464,0,66,60,statevector,single,0.004362950101494789,statevector,multi,212410368,10,4
00fe9f56c7b1224adf2367b79631d9500cce42514d3fceaad60845370241468f,/home/timlittau/Documents/InferQ/analysis/finetuned_rdbms_162/qpy/00fe9f56c7b1224adf2367b79631d9500cce42514d3fceaad60845370241468f.qpy,7,10,34,True,0.0031780791468918324,202153984,0,37,30,statevector,single,0.0030379858799278736,statevector,multi,204787712,10,4
00feaeb4ea5158016e28d4976d72f986db5890765873a684bb5ca1edaa68bcc4,/home/timlittau/Documents/InferQ/analysis/finetuned_rdbms_162/qpy/00feaeb4ea5158016e28d4976d72f986db5890765873a684bb5ca1edaa68bcc4.qpy,12,22,34,True,0.0030620479956269264,202760192,0,41,35,automatic,single,0.003272795118391514,automatic,multi,200785920,10,4
010c503261a2df2bbb1a3e08146f314fa9bf79b97cb05a52885eda911e13aea1,/home/timlittau/Documents/InferQ/analysis/finetuned_rdbms_162/qpy/010c503261a2df2bbb1a3e08146f314fa9bf79b97cb05a52885eda911e13aea1.qpy,15,3,27,True,0.000809044111520052,200732672,0,16,14,extended_stabilizer,multi,0.002562928944826126,automatic,multi,200810496,14,0
0125ca45f129b8d6e99fbb118aa7434f1bdb35d8ba4b862215c8e00be5d424d8,/home/timlittau/Documents/InferQ/analysis/finetuned_rdbms_162/qpy/0125ca45f129b8d6e99fbb118aa7434f1bdb35d8ba4b862215c8e00be5d424d8.qpy,10,13,49,True,0.010390767827630043,203755520,0,53,47,automatic,multi,0.002954374998807907,density_matrix,multi,204201984,10,4
01263d765a198bbe341b92fe306ccd088a91be3347ee2b6e0a21c853a308dcda,/home/timlittau/Documents/InferQ/analysis/finetuned_rdbms_162/qpy/01263d765a198bbe341b92fe306ccd088a91be3347ee2b6e0a21c853a308dcda.qpy,6,33,60,True,0.006630320101976395,204177408,0,73,64,automatic,multi,0.0019603411201387644,statevector,multi,209039360,10,4
0134df7b8ca72145731d4fccca722f706aeca415b5c1fec402181619927408e2,/home/timlittau/Documents/InferQ/analysis/finetuned_rdbms_162/qpy/0134df7b8ca72145731d4fccca722f706aeca415b5c1fec402181619927408e2.qpy,7,20,33,True,0.008076814003288746,203116544,0,62,54,unitary,multi,0.0023739789612591267,statevector,multi,209272832,10,4
013d675b5ce5fd555119bcb2d3d33721d66cba0892e5258c4fd7852985f8ac79,/home/timlittau/Documents/InferQ/analysis/finetuned_rdbms_162/qpy/013d675b5ce5fd555119bcb2d3d33721d66cba0892e5258c4fd7852985f8ac79.qpy,2,8,12,True,0.0006847758777439594,201048064,0,12,8,unitary,multi,0.0006724870763719082,statevector,multi,202596352,10,4
01462679dd760fc6698642d6f6d994145e896a8d549139ba358c5a221b8c6e2a,/home/timlittau/Documents/InferQ/analysis/finetuned_rdbms_162/qpy/01462679dd760fc6698642d6f6d994145e896a8d549139ba358c5a221b8c6e2a.qpy,6,10,30,True,0.0024053039960563183,201584640,0,26,22,unitary,multi,0.0011564460583031178,statevector,multi,203288576,10,4
0146e4cb3ec638a092bc2ff052ceb1508662f8f8c19b13c53aae660f23c7b0fb,/home/timlittau/Documents/InferQ/analysis/finetuned_rdbms_162/qpy/0146e4cb3ec638a092bc2ff052ceb1508662f8f8c19b13c53aae660f23c7b0fb.qpy,11,14,24,True,0.0016988441348075867,201846784,0,25,21,extended_stabilizer,multi,0.0023753659334033728,automatic,multi,199684096,14,0
01501b8722df50c519c543ff8e4dfbfb2524ef4f8c2a56018d6e08762f64dd45,/home/timlittau/Documents/InferQ/analysis/finetuned_rdbms_162/qpy/01501b8722df50c519c543ff8e4dfbfb2524ef4f8c2a56018d6e08762f64dd45.qpy,2,5,9,True,0.0005038238596171141,200527872,0,9,5,unitary,multi,0.001037298934534192,statevector,multi,201900032,10,4
01679b3022e01d8852da11493cab7fcbb7d66ea509eff437e9ef9750b7392f4d,/home/timlittau/Documents/InferQ/analysis/finetuned_rdbms_162/qpy/01679b3022e01d8852da11493cab7fcbb7d66ea509eff437e9ef9750b7392f4d.qpy,2,147,210,True,0.001023709075525403,201650176,0,16,11,unitary,single,0.006984486943110824,statevector,multi,204759040,10,4
016f1c85ebe3f4b15c149a1d6bad300e68a6de6818b8beb6cbf025f73f7304dc,/home/timlittau/Documents/InferQ/analysis/finetuned_rdbms_162/qpy/016f1c85ebe3f4b15c149a1d6bad300e68a6de6818b8beb6cbf025f73f7304dc.qpy,6,10,17,True,0.0020681091118603945,201932800,0,24,21,unitary,multi,0.0019041248597204685,statevector,multi,204513280,14,0
0178f99f577d5daadf00d6e75094b02961e3ee1399e848b2913896f0a2f5e309,/home/timlittau/Documents/InferQ/analysis/finetuned_rdbms_162/qpy/0178f99f577d5daadf00d6e75094b02961e3ee1399e848b2913896f0a2f5e309.qpy,11,13,41,True,0.02090587094426155,204197888,0,55,50,extended_stabilizer,single,0.0033508511260151863,density_matrix,multi,207855616,14,0
0179e7e54cc86cfeab7eabc67c78b1dd1fd9f614c717b062e0ff2b47697d1856,/home/timlittau/Documents/InferQ/analysis/finetuned_rdbms_162/qpy/0179e7e54cc86cfeab7eabc67c78b1dd1fd9f614c717b062e0ff2b47697d1856.qpy,4,13,22,True,0.001713333884254098,201879552,0,28,21,unitary,single,0.0008745370432734489,statevector,multi,203907072,10,4
017ef1b077232a041e15b7aea2c138f4b6595d502107450b8160427a09ec26bc,/home/timlittau/Documents/InferQ/analysis/finetuned_rdbms_162/qpy/017ef1b077232a041e15b7aea2c138f4b6595d502107450b8160427a09ec26bc.qpy,5,8,24,True,0.001971186138689518,201433088,0,27,22,unitary,multi,0.001161505002528429,statevector,multi,203526144,10,4
017fcf8bae42ec21fd51df4f2295871a5772720fb8cff2ae0d763411639a82a3,/home/timlittau/Documents/InferQ/analysis/finetuned_rdbms_162/qpy/017fcf8bae42ec21fd51df4f2295871a5772720fb8cff2ae0d763411639a82a3.qpy,11,1,1,True,0.2085826601833105,209653760,0,110,104,statevector,multi,0.005131955025717616,density_matrix,multi,220311552,10,4
018b133aff784f16972d71028d5590bdc243844d2011f51bc840da6526bc1985,/home/timlittau/Documents/InferQ/analysis/finetuned_rdbms_162/qpy/018b133aff784f16972d71028d5590bdc243844d2011f51bc840da6526bc1985.qpy,10,24,53,True,0.003105312818661332,202526720,0,37,32,statevector,multi,0.0032861949875950813,density_matrix,multi,202285056,10,4
01a10545701a92cb3c1be91397db2756b215bc59ee41838115cec1ef9aa723fe,/home/timlittau/Documents/InferQ/analysis/finetuned_rdbms_162/qpy/01a10545701a92cb3c1be91397db2756b215bc59ee41838115cec1ef9aa723fe.qpy,13,6,48,True,0.0008146159816533327,200450048,0,16,13,extended_stabilizer,single,0.00273158703930676,density_matrix,multi,198873088,14,0
01b9a092cc3518f1d8d4c1a002966b86a56838d272061cb4593c0bdf34d1a86f,/home/timlittau/Documents/InferQ/analysis/finetuned_rdbms_162/qpy/01b9a092cc3518f1d8d4c1a002966b86a56838d272061cb4593c0bdf34d1a86f.qpy,4,11,30,True,0.0022746820468455553,202256384,0,32,24,unitary,single,0.0023735780268907547,statevector,multi,204898304,10,4
01bd19794d6052ab271e3606a6fbaed0d8452dcb20ad34b55bc7dc0c48cefc41,/home/timlittau/Documents/InferQ/analysis/finetuned_rdbms_162/qpy/01bd19794d6052ab271e3606a6fbaed0d8452dcb20ad34b55bc7dc0c48cefc41.qpy,7,17,44,True,0.006034063873812556,202727424,0,58,49,statevector,single,0.002951154951006174,statevector,multi,206667776,10,4
01bf61e070b2ff29591934e1c5e85af73658bf5e2d3db39bc2b9638186e6fa8a,/home/timlittau/Documents/InferQ/analysis/finetuned_rdbms_162/qpy/01bf61e070b2ff29591934e1c5e85af73658bf5e2d3db39bc2b9638186e6fa8a.qpy,5,13,21,True,0.004617847036570311,203546624,0,66,57,automatic,multi,0.002030234085395932,statevector,multi,209543168,10,4
01c5f9d62a25d0f0668aa4d2a660a79cd9c494ef1040852e3a0d3d64ab8ab142,/home/timlittau/Documents/InferQ/analysis/finetuned_rdbms_162/qpy/01c5f9d62a25d0f0668aa4d2a660a79cd9c494ef1040852e3a0d3d64ab8ab142.qpy,8,19,46,True,0.00492068100720644,202809344,0,42,36,automatic,multi,0.0022024500649422407,matrix_product_state,multi,203550720,10,4
01c654ce022402fedb4a36c26aab8a8017d564dd765910839f56a2398c0b4dac,/home/timlittau/Documents/InferQ/analysis/finetuned_rdbms_162/qpy/01c654ce022402fedb4a36c26aab8a8017d564dd765910839f56a2398c0b4dac.qpy,10,8,25,True,0.0022065790835767984,201351168,0,28,24,extended_stabilizer,single,0.002410224173218012,density_matrix,multi,200376320,14,0
01ddb718a384a988e2aa004a3d489e84304582a524598f1a41792a5d427752da,/home/timlittau/Documents/InferQ/analysis/finetuned_rdbms_162/qpy/01ddb718a384a988e2aa004a3d489e84304582a524598f1a41792a5d427752da.qpy,15,22,80,True,0.2804625618737191,220499968,0,98,92,statevector,multi,0.007487234892323613,statevector,multi,214929408,10,4
01e5269d3279c99e162255f828b83210762c4ba09d58900fb6758cff95972450,/home/timlittau/Documents/InferQ/analysis/finetuned_rdbms_162/qpy/01e5269d3279c99e162255f828b83210762c4ba09d58900fb6758cff95972450.qpy,3,4,6,True,0.0019806448835879564,202215424,0,26,21,statevector,single,0.0028696400113403797,statevector,multi,204455936,10,4
01e6e6b8333336440deaf89f9600ef6d4ce399cb8ae4d82a3ef34f4388286877,/home/timlittau/Documents/InferQ/analysis/finetuned_rdbms_162/qpy/01e6e6b8333336440deaf89f9600ef6d4ce399cb8ae4d82a3ef34f4388286877.qpy,15,36,67,True,0.3067046860232949,222859264,0,136,129,statevector,multi,0.011855649994686246,statevector,multi,222732288,10,4
01fb7403455f420178e88ce2fd24e6cb419e63a676c6a3b87bf1a0efa7d45aa3,/home/timlittau/Documents/InferQ/analysis/finetuned_rdbms_162/qpy/01fb7403455f420178e88ce2fd24e6cb419e63a676c6a3b87bf1a0efa7d45aa3.qpy,9,7,22,True,0.003553949063643813,202256384,0,36,31,automatic,multi,0.0021412339992821217,density_matrix,multi,200605696,10,4
02095daed6eb3e9af9528e2aae13dd94969cb824cbce68750e951bad169659e0,/home/timlittau/Documents/InferQ/analysis/finetuned_rdbms_162/qpy/02095daed6eb3e9af9528e2aae13dd94969cb824cbce68750e951bad169659e0.qpy,8,14,21,True,0.0023159601259976625,202526720,0,33,26,automatic,multi,0.00214779214002192,statevector,multi,205045760,10,4
020f4ee34ad183187ac5f8fef74071271400d64b7970d4f027c3cb53eb1abee8,/home/timlittau/Documents/InferQ/analysis/finetuned_rdbms_162/qpy/020f4ee34ad183187ac5f8fef74071271400d64b7970d4f027c3cb53eb1abee8.qpy,4,9,16,True,0.00161825492978096,202248192,0,27,19,automatic,multi,0.0013598238583654165,statevector,multi,204488704,10,4
021221222ad36e2c16b671646cf1100b1b5d56f9b8fdae21afd4ca018836ef0b,/home/timlittau/Documents/InferQ/analysis/finetuned_rdbms_162/qpy/021221222ad36e2c16b671646cf1100b1b5d56f9b8fdae21afd4ca018836ef0b.qpy,4,132,192,True,0.0040162738878279924,203911168,0,47,41,automatic,multi,0.007337891962379217,density_matrix,multi,207065088,10,4
0213a89d0485efb4415924d5613293fd9e83253ab5b8ebd7602b911639ccd6a2,/home/timlittau/Documents/InferQ/analysis/finetuned_rdbms_162/qpy/0213a89d0485efb4415924d5613293fd9e83253ab5b8ebd7602b911639ccd6a2.qpy,4,5,8,True,0.0037970200646668673,203751424,0,45,39,density_matrix,multi,0.0032857591286301613,matrix_product_state,single,206696448,10,4
0218cba179f89ecd90157e321a5180ad5eefc74b5746507e99ccb4d5334f55ca,/home/timlittau/Documents/InferQ/analysis/finetuned_rdbms_162/qpy/0218cba179f89ecd90157e321a5180ad5eefc74b5746507e99ccb4d5334f55ca.qpy,2,22,27,True,0.0020978848915547132,202444800,0,31,23,unitary,multi,0.0009782188571989536,statevector,multi,204742656,10,4
02201da842a13322d153fd2b9aef71dd71b0f4477993b1efd78749dd3ed42af7,/home/timlittau/Documents/InferQ/analysis/finetuned_rdbms_162/qpy/02201da842a13322d153fd2b9aef71dd71b0f4477993b1efd78749dd3ed42af7.qpy,15,22,69,True,0.2246286659501493,217645056,0,87,82,extended_stabilizer,single,0.0045629581436514854,statevector,multi,216334336,14,0
02203a840fe1ce9c9e5e1cf6bc71c87709fafc205fce6b2c79e12961b46ad36f,/home/timlittau/Documents/InferQ/analysis/finetuned_rdbms_162/qpy/02203a840fe1ce9c9e5e1cf6bc71c87709fafc205fce6b2c79e12961b46ad36f.qpy,3,509,680,True,0.0021492920350283384,202919936,0,28,23,unitary,multi,0.009145129937678576,statevector,multi,206782464,10,4
022c70d9bacdd8ab907ce309e8852ec025a37b1f30503dc587de2b45c6ef1eb4,/home/timlittau/Documents/InferQ/analysis/finetuned_rdbms_162/qpy/022c70d9bacdd8ab907ce309e8852ec025a37b1f30503dc587de2b45c6ef1eb4.qpy,3,7,9,True,0.002265628892928362,202354688,0,29,24,unitary,single,0.002130362903699279,statevector,multi,204918784,10,4
023ba122b228f2d20b7344cb6c5f5d6555df0eea338254a197953dd614f883c9,/home/timlittau/Documents/InferQ/analysis/finetuned_rdbms_162/qpy/023ba122b228f2d20b7344cb6c5f5d6555df0eea338254a197953dd614f883c9.qpy,15,11,38,True,0.0065450519323349,202440704,0,43,38,extended_stabilizer,single,0.002683004131540656,automatic,multi,199532544,14,0
023ea7b0ae886b68647d0afeeac9ed2e3db2b73b04313ff08995e763f2f6bbdb,/home/timlittau/Documents/InferQ/analysis/finetuned_rdbms_162/qpy/023ea7b0ae886b68647d0afeeac9ed2e3db2b73b04313ff08995e763f2f6bbdb.qpy,7,21,36,True,0.0066353080328553915,205877248,0,94,84,automatic,multi,0.003988238051533699,statevector,multi,212881408,10,4
024656a0eb44f8bf0fea4f295daec5da699f78c35b6b340a6ef6106f5bf87e44,/home/timlittau/Documents/InferQ/analysis/finetuned_rdbms_162/qpy/024656a0eb44f8bf0fea4f295daec5da699f78c35b6b340a6ef6106f5bf87e44.qpy,12,20,48,True,0.028158090077340603,205389824,0,63,58,extended_stabilizer,single,0.0036553731188178062,density_matrix,multi,209887232,14,0
024ce19aa7258f694f618422eec929697d978ea9c4eb1f030ce850d0066df0be,/home/timlittau/Documents/InferQ/analysis/finetuned_rdbms_162/qpy/024ce19aa7258f694f618422eec929697d978ea9c4eb1f030ce850d0066df0be.qpy,1,10,10,True,0.00011857505887746811,201089024,0,2,0,unitary,single,0.0007013790309429169,statevector,multi,202457088,10,4
0251e39440824b450fd237f6fb7fed486dbab3bfcbbe810527a99ccd6e5f464a,/home/timlittau/Documents/InferQ/analysis/finetuned_rdbms_162/qpy/0251e39440824b450fd237f6fb7fed486dbab3bfcbbe810527a99ccd6e5f464a.qpy,1,53,53,True,0.00011300505138933659,201199616,0,2,0,matrix_product_state,multi,0.0015859049744904041,statevector,multi,202629120,10,4
02595ca6a3c37521eaa735c747fe095e9502c5260b8b2e318a97e6e61a2a57c1,/home/timlittau/Documents/InferQ/analysis/finetuned_rdbms_162/qpy/02595ca6a3c37521eaa735c747fe095e9502c5260b8b2e318a97e6e61a2a57c1.qpy,5,18,62,True,0.004271237878128886,203075584,0,46,40,unitary,single,0.0028192028403282166,density_matrix,multi,205201408,10,4
025b850f34d5d01976c174d5930cbbc7b7ccd82eef96c119ffd7b98bb6334c9b,/home/timlittau/Documents/InferQ/analysis/finetuned_rdbms_162/qpy/025b850f34d5d01976c174d5930cbbc7b7ccd82eef96c119ffd7b98bb6334c9b.qpy,7,21,27,True,0.004644519183784723,204140544,0,61,51,statevector,single,0.003024561097845435,statevector,multi,209719296,10,4
025fd6c2b5c9fa71d1371055717861c5b4e26013f77beebd9aa6ef407414fd4a,/home/timlittau/Documents/InferQ/analysis/finetuned_rdbms_162/qpy/025fd6c2b5c9fa71d1371055717861c5b4e26013f77beebd9aa6ef407414fd4a.qpy,9,9,24,True,0.00286985095590353,202579968,0,30,26,extended_stabilizer,single,0.0022065911907702684,density_matrix,multi,201658368,14,0
027c20d4ef7aaed7498a052c00871e90e44f69dcbe0690a78104cd06a5bfe0ef,/home/timlittau/Documents/InferQ/analysis/finetuned_rdbms_162/qpy/027c20d4ef7aaed7498a052c00871e90e44f69dcbe0690a78104cd06a5bfe0ef.qpy,3,21,33,True,0.002981686033308506,202334208,0,37,31,unitary,single,0.00104082515463233,statevector,multi,205660160,10,4
028461c3d55dc941f2914dc7718c542648ebcc51bc427ab18894fc1ca1a649d0,/home/timlittau/Documents/InferQ/analysis/finetuned_rdbms_162/qpy/028461c3d55dc941f2914dc7718c542648ebcc51bc427ab18894fc1ca1a649d0.qpy,2,17,22,True,0.0020501750987023115,201945088,0,30,22,unitary,multi,0.0014566110912710428,statevector,multi,204513280,10,4
0288aadc2f6f0eded15572537a89ca0a88d8560587a7207348c9128efef31184,/home/timlittau/Documents/InferQ/analysis/finetuned_rdbms_162/qpy/0288aadc2f6f0eded15572537a89ca0a88d8560587a7207348c9128efef31184.qpy,3,17,33,True,0.0021073699463158846,201871360,0,26,22,unitary,single,0.0009513041004538536,statevector,multi,204595200,10,4
0288aed073be1589c88519b0ecfbe442ceaf9bbd3fd6fef437957d3a2963bfc6,/home/timlittau/Documents/InferQ/analysis/finetuned_rdbms_162/qpy/0288aed073be1589c88519b0ecfbe442ceaf9bbd3fd6fef437957d3a2963bfc6.qpy,6,17,63,True,0.005536534124985337,202346496,0,49,43,unitary,multi,0.0018792690243571997,statevector,multi,203583488,10,4
02a16978acc560a0bbb934d8ea0674fb5707295e9a3639d22aac62fcb031f577,/home/timlittau/Documents/InferQ/analysis/finetuned_rdbms_162/qpy/02a16978acc560a0bbb934d8ea0674fb5707295e9a3639d22aac62fcb031f577.qpy,1,12,12,True,0.00011941790580749512,200445952,0,2,0,density_matrix,multi,0.0008366149850189686,statevector,multi,201936896,10,4
02b5fd1afb9c0eef8a5f55be9d0a8a26d182f9233bd410548bf7f14d410b13a4,/home/timlittau/Documents/InferQ/analysis/finetuned_rdbms_162/qpy/02b5fd1afb9c0eef8a5f55be9d0a8a26d182f9233bd410548bf7f14d410b13a4.qpy,5,6,10,True,0.006302220979705453,204320768,0,68,62,statevector,single,0.006514674052596092,statevector,multi,210022400,10,4
02b8cc628b25182de88eaf25c79f134e5ff5342f3afd24bd1e0786efcd427e5c,/home/timlittau/Documents/InferQ/analysis/finetuned_rdbms_162/qpy/02b8cc628b25182de88eaf25c79f134e5ff5342f3afd24bd1e0786efcd427e5c.qpy,3,18,38,True,0.0023249750956892967,202223616,0,29,24,unitary,single,0.001042637974023819,statevector,multi,205004800,10,4
02c1b5e3d586358ac122edac01c8d02dc8fc13badcb68f60998e9e9311b17baa,/home/timlittau/Documents/InferQ/analysis/finetuned_rdbms_162/qpy/02c1b5e3d586358ac122edac01c8d02dc8fc13badcb68f60998e9e9311b17baa.qpy,6,8,18,True,0.0021558438893407583,202330112,0,26,22,stabilizer,multi,0.0023212870582938194,statevector,multi,204894208,14,0
02c60e104e17131eaf959cbe8186174d534fa2ffa9dac37e836f94545b145733,/home/timlittau/Documents/InferQ/analysis/finetuned_rdbms_162/qpy/02c60e104e17131eaf959cbe8186174d534fa2ffa9dac37e836f94545b145733.qpy,8,367,575,True,0.005183870904147625,203825152,0,59,51,unitary,multi,0.010977009078487754,statevector,multi,210792448,10,4
02c81a6b76ce63dc4bf93b423a52606a4c51768164738ab0f2937ad1528a5f05,/home/timlittau/Documents/InferQ/analysis/finetuned_rdbms_162/qpy/02c81a6b76ce63dc4bf93b423a52606a4c51768164738ab0f2937ad1528a5f05.qpy,10,7,24,True,0.001773713156580925,201908224,0,25,21,matrix_product_state,multi,0.002076108008623123,density_matrix,multi,201007104,14,0
02cf68900b4a1fd22c264a870af243a9264d95b6ec5a81258057470fe4adf5c9,/home/timlittau/Documents/InferQ/analysis/finetuned_rdbms_162/qpy/02cf68900b4a1fd22c264a870af243a9264d95b6ec5a81258057470fe4adf5c9.qpy,7,23,47,True,0.006824625190347433,203468800,0,61,52,unitary,multi,0.0015744930133223534,statevector,multi,208146432,10,4
02d09e44cd663dfdb499bf55fb1487bc7f570b6c1a0751c7eeeadac029f69190,/home/timlittau/Documents/InferQ/analysis/finetuned_rdbms_162/qpy/02d09e44cd663dfdb499bf55fb1487bc7f570b6c1a0751c7eeeadac029f69190.qpy,3,1,1,True,0.0015242560766637325,201920512,0,21,16,unitary,single,0.0013589709997177124,statevector,multi,203984896,10,4
02d5d2e1ded5595056b3e3e30d7175593177b3ccae45d27d4471f50a02cbbbab,/home/timlittau/Documents/InferQ/analysis/finetuned_rdbms_162/qpy/02d5d2e1ded5595056b3e3e30d7175593177b3ccae45d27d4471f50a02cbbbab.qpy,1,20,20,True,0.00012133782729506493,200855552,0,2,0,matrix_product_state,multi,0.0010499670170247555,statevector,multi,202285056,10,4
02ddd9d2f75a47bf94b6b8a454261f31d6c55759159e226bbb0c58dd23741920,/home/timlittau/Documents/InferQ/analysis/finetuned_rdbms_162/qpy/02ddd9d2f75a47bf94b6b8a454261f31d6c55759159e226bbb0c58dd23741920.qpy,2,17,22,True,0.0020250738598406315,202199040,0,30,22,unitary,single,0.0009283781982958317,statevector,multi,205037568,10,4
02ec071893c33c49f2265333261fa4ac92e8533d621f75dd82fa055b049c94fe,/home/timlittau/Documents/InferQ/analysis/finetuned_rdbms_162/qpy/02ec071893c33c49f2265333261fa4ac92e8533d621f75dd82fa055b049c94fe.qpy,6,8,40,True,0.0018902509473264217,201957376,0,27,22,unitary,multi,0.0022693220525979996,statevector,multi,204435456,10,4
02efc89a5621cb5b17f1ed8f1d3a52ae6fee3dcb6fad7efffcd9b0e467e70f24,/home/timlittau/Documents/InferQ/analysis/finetuned_rdbms_162/qpy/02efc89a5621cb5b17f1ed8f1d3a52ae6fee3dcb6fad7efffcd9b0e467e70f24.qpy,12,17,20,True,0.005555512849241495,204824576,0,65,59,automatic,single,0.006990766152739525,automatic,multi,208130048,10,4
02f72cee61dca1cb221b33c858c81985f6d9cecb655769d806e92c8b44b76ce6,/home/timlittau/Documents/InferQ/analysis/finetuned_rdbms_162/qpy/02f72cee61dca1cb221b33c858c81985f6d9cecb655769d806e92c8b44b76ce6.qpy,7,7,16,True,0.002257426967844367,201768960,0,25,21,unitary,multi,0.0020329849794507027,statevector,multi,203743232,14,0
02f832b8769623ad1158c9b002c1dfbdcfc38d016baecc9c8a0df4aad0e6f628,/home/timlittau/Documents/InferQ/analysis/finetuned_rdbms_162/qpy/02f832b8769623ad1158c9b002c1dfbdcfc38d016baecc9c8a0df4aad0e6f628.qpy,9,22,114,True,0.021695494884625077,206106624,0,82,76,automatic,multi,0.004522647010162473,density_matrix,multi,208748544,10,4
0315679e5797d61084465dbfdf808df96c39bf3b720c54b6bf95b21d23c39e41,/home/timlittau/Documents/InferQ/analysis/finetuned_rdbms_162/qpy/0315679e5797d61084465dbfdf808df96c39bf3b720c54b6bf95b21d23c39e41.qpy,4,5,11,True,0.0013008771929889917,200654848,0,20,15,unitary,single,0.0007308099884539843,statevector,multi,203825152,10,4
036459b40f763ff2f1cc635a35f4ac1726843428c2036f9eb95b4a6cb2c1e8e7,/home/timlittau/Documents/InferQ/analysis/finetuned_rdbms_162/qpy/036459b40f763ff2f1cc635a35f4ac1726843428c2036f9eb95b4a6cb2c1e8e7.qpy,14,10,20,True,0.005415953928604722,204222464,0,73,64,statevector,multi,0.006329366005957127,statevector,multi,211398656,10,4
