RowKey,num_qubits,statevector_saved_sparsity,statevector_shannon_entropy
786bc758c2c7891ecef1451bc7dd0dfd41b54f88da2399047612df861ff64004,20,1.9073486328125e-06,1.0000000055732596
0a65349088cfa5e7e6921ae2f1d8a8b05bb8d013c4b0a905f0faf54f434b0033,20,6.103515625e-05,5.359736993798413
107a352563015844b154ef8031d878eddad110bcbd45c497347cae59efbd5198,20,0.3925867080688476,12.301863159089924
ce035e615417c2e903c690f2e3da6ed97f702083eeb86319a166568a57459b27,20,1.0,19.00000000370711
07e28a073babbdb41806126243d4f17d64a0784b5708cba69e428e21a132115a,21,5.91278076171875e-05,4.929463078607808
0616368a6edc404864faa355d71760d1f5b1cd850a8a1dcc7ae82f6fd53c50a8,21,0.5,20.000000007519134
14683f4c3e67cbea426e3a779249c00e3610901ff23b0d85803363e210334bab,21,0.875,20.52439747534755
1ac0d5a454f80a05f75be61e7bf6246c8fe4f1379f731a6fb103963609598642,21,0.9594368934631348,17.66539878496986
015a5250c491bea6d6a131bfe4af888aca251aac097604947cf36ed59dfad1f6,21,1.0,21.00000000410149
0cf0fd706d669e23a40b2902d5d8c451ef66efc0264217c0c994ecbd17aa94d1,22,4.76837158203125e-07,1.00000002229307
0dea9de22c7da1bdcc1f29743230c6c14a5c85efcde3aa95d939c086bda8c91d,22,0.5,21.00000001524804
008a72306b108cea25fdf7055334f8bd45e0384b9096c1d490a6c01ce30cf33c,22,1.0,22.00000000862217
0dc91f80a924ff7569c711c6dbf40f8ef9b830b637ab9de46427bf3aee333e73,22,1.0,22.00000000862217
013d1cb76fd0ebd8264dbe7edc76dcb82127663a65fd8488faf5c7f2287bf3c0,23,0.455364465713501,17.631942862824285
030f5933c854c6d2752c10efb3edeaa6df8abf53488f8c0329136a82039fbe2d,23,0.9569566249847412,19.92389087131409
197f205f5fa27c31926521d89d010a0e237520da96b01601b894ad721f39fd36,23,1.0,23.00000001808408
07480aab20a18efce192a94a0f4659e976fd37ceb31c62abab0f788e2b64d4b9,23,1.0,23.00000001808408