suite,algorithm
supermarq,bit_code
supermarq,ghz
supermarq,ham_sim
supermarq,mermin_bell
supermarq,phase_code
supermarq,qaoa_fermionic
supermarq,qaoa_vanilla
supermarq,vqe_proxy
mqtbench,ae
mqtbench,bmw_quark_cardinality
mqtbench,bmw_quark_copula
mqtbench,bv
mqtbench,cdkm_ripple_carry_adder
mqtbench,dj
mqtbench,draper_qft_adder
mqtbench,full_adder
mqtbench,ghz
mqtbench,ghz_dynamic
mqtbench,graphstate
mqtbench,grover
mqtbench,half_adder
mqtbench,hhl
mqtbench,hrs_cumulative_multiplier
mqtbench,modular_adder
mqtbench,multiplier
mqtbench,qaoa
mqtbench,qft
mqtbench,qftentangled
mqtbench,qnn
mqtbench,qpeexact
mqtbench,qpeinexact
mqtbench,qwalk
mqtbench,randomcircuit
mqtbench,rg_qft_multiplier
mqtbench,seven_qubit_steane_code
mqtbench,shor
mqtbench,shors_nine_qubit_code
mqtbench,vbe_ripple_carry_adder
mqtbench,vqe_real_amp
mqtbench,vqe_su2
mqtbench,vqe_two_local
mqtbench,wstate
qasmbench,adder_n10
qasmbench,adder_n4
qasmbench,basis_change_n3
qasmbench,basis_trotter_n4
qasmbench,bb84_n8
qasmbench,bell_n4
qasmbench,bigadder_n18
qasmbench,bv_n14
qasmbench,bv_n19
qasmbench,bwt_n21
qasmbench,cat_state_n22
qasmbench,cat_state_n4
qasmbench,cc_n12
qasmbench,deutsch_n2
qasmbench,dnn_n16
qasmbench,dnn_n2
qasmbench,dnn_n8
qasmbench,error_correctiond3_n5
qasmbench,factor247_n15
qasmbench,fredkin_n3
qasmbench,gcm_n13
qasmbench,ghz_state_n23
qasmbench,grover_n2
qasmbench,hhl_n10
qasmbench,hhl_n14
qasmbench,hhl_n7
qasmbench,hs4_n4
qasmbench,inverseqft_n4
qasmbench,ipea_n2
qasmbench,ising_n10
qasmbench,ising_n26
qasmbench,iswap_n2
qasmbench,knn_n25
qasmbench,linearsolver_n3
qasmbench,lpn_n5
qasmbench,multiplier_n15
qasmbench,multiply_n13
qasmbench,pea_n5
qasmbench,qaoa_n3
qasmbench,qaoa_n6
qasmbench,qec9xz_n17
qasmbench,qec_en_n5
qasmbench,qec_sm_n5
qasmbench,qf21_n15
qasmbench,qft_n18
qasmbench,qft_n4
qasmbench,qpe_n9
qasmbench,qram_n20
qasmbench,qrng_n4
qasmbench,quantumwalks_n2
qasmbench,sat_n11
qasmbench,sat_n7
qasmbench,seca_n11
qasmbench,shor_n5
qasmbench,simon_n6
qasmbench,square_root_n18
qasmbench,swap_test_n25
qasmbench,teleportation_n3
qasmbench,toffoli_n3
qasmbench,variational_n4
qasmbench,vqe_n24
qasmbench,vqe_n4
qasmbench,vqe_uccsd_n4
qasmbench,vqe_uccsd_n6
qasmbench,vqe_uccsd_n8
qasmbench,wstate_n27
qasmbench,wstate_n3
