RowKey,num_qubits,statevector_saved_sparsity,depth
7670576775f64db8b500b9c4f7e8f12a731077127318ac6281164610f19383ed,3,1.0,1
f2823f72f081044aa876ffff150507e4598eab416934806d5bba71a2b686d1df,5,0.5,9
b53f00ffafbf50837736c2a8d0cd116ec7990f8a858a5c14ba39e825b6718738,5,0.03125,6
cbd90bd92fe2bef7dc3d5ae3f380ea494bc247b319b005547c1c5ed0b26833b1,7,0.5,12
50baba2f2d110bb8a26562d9e9788806e51641e4d1e4a810a1878db144b2c78a,3,0.125,7
7ea7023b3d73a0c2fdc7fdd701493fb4b5e55d10239149fb554904f1968e754e,5,0.25,11
e20d6e5563486ef0a9a0b415a02a9106c4b564c2cee17257bd4057f541d7807f,5,1.0,15
125506b9d9d72d10d6c92a026cb422a05e8c3d5c336d8fcb2011b2dfd27c333e,5,1.0,11
852409f9fcca8fcfd1a703d499918b198b843e891c8d7d54e84dd8f9355edf85,5,0.5,15
a718c84d925d8467b8800c85b606cd1a1f9248647c38f263f775cd9887cc6572,7,1.0,11
a1e2abdd4911708abeb236b7d23edc1143772f659d639723611beb96ece49c9a,3,0.125,4
5f89efb8bf90ef60b457d8fefe485e95d475f9d64f23d502c0ff4a86d805fb17,3,0.5,4
f2297c88bc39c9d92b304115e315e65b485ddd310d2a886f3af3cc2585ef5196,3,0.5,7
a1c73703b411ea132a2d647742bb7870d55948a6f18574a449e29c664887f8b5,3,0.125,9
574548763e9245a97c93c92f30f15394666506dec8f5c4beee07d8baebaaf8b9,5,1.0,9
ebcbcf94f278a44ec9d90c705773c717a556c9e5b5ef23b75638de2d713cc342,7,0.5,13
a20f996bac6e2a6715b45d5e05f795d6dc38197bfbc99b4fbfa526d1bd3e92b6,3,0.375,6
d80e5fa4645d8a63524b6f0f5046382d63b98bf3c14a1f51be034e744b118349,7,1.0,12
01b5c07618b616d6baef92ebc4a04f6c48b829037b3e69ee7d939deade50dbec,7,0.5,13
b75a161ed82ce01ca2f03ec9b1abcc2e57f26f45ae7e314f25af0037a7ad7c31,7,0.015625,6
522a2c0dd89d512d9df14a08a5344f97b8f121bf2ed65bef93e0f8fcd863b388,7,1.0,14
2e1353319e998bdf4d7a003486ca8ab33253fe7a5c551656f05d4127eba8e6f7,7,0.015625,7
14d4fb67adb95c76d1e37591eb2b085e76caaa46bb2dbb599246ed2e27d45b4c,3,1.0,7
e92231db83f6480025236bf730077abab9db8aaab31c9dbdf0694ca901a92ddf,5,0.125,10
be8353b061ad4f72e477eef1439defbd2f33123c4893085e3eeb5f00cf2bfcaa,5,0.5,12
52e1b12a3493fce2a55c09be63e17609c2e408c36a470b8ffdf0437876210f54,7,0.03125,11
87065a363d4cd1116c55ce1d50961482cd8f420d7d2d71435722d6e9477167aa,3,1.0,9
