circuit_hash,baseline_s
0002f03d8800974fa0082d17c88c60c429f4c89b6ecc6e7e8ecb6eb579d86ed8,0.0542411165311932
001642dd034fdcdb145e218efddedcf91b427d8e39b642649b9ade2248c01a44,0.028843480721116
0028a557b2cd80eb61bf9d1dbddba7ebc7011bc2f454c29a24b35ccec052ef01,0.0035970346070826
002fcb17d1bda87c17a0264f8f5e8c98337c99946aa28ad1b296d1ba6886cd54,0.0005442982539534
0031b353b73c891e8dbb9f04381cd2d24f643d65d2c00178ad9196734606d69c,0.0016971386037766
003812c232aa67ced3665eed14a8ee7e0ecae4229f5f64bdfa43de92bdabea84,0.0181877412833273
003d951857a77f5ddd1609499fe3ef092e2d5b95ee427f94c0ae740eade55d68,0.0005802445113658
0040949cdec155051dd0cdefac84b9de5e78e446a488cfb0bd7b9b896d9ef471,0.0175476406700909
004af3a16432f56e79f4200efdbc91db080bdb5e6c0c08c485377c67a922d4fe,0.0154409856535494
004bfbf89ef4470353c265467c718360ebe18f71120f74e9c4f8e9746f9a71a5,0.0876607516780495
0059f03076c236ff6c366e43f5e73b0aaae01886cbefc4c251a51ce1bb452d95,0.0018550786189734
005e45e1132d99187ab4bc10d83a173ebb9c158af3dbc1e79058f0118f315f3a,0.0026935240253806
0061cf2bab1901247dd18013215f70125f1acb02be872d20f04d4d463ab66f2a,0.0043383889831602
00693e4aa6d9d3e3177f19155f69748e3087a8bffa4a0a5dbfd1cd3fa85714df,0.0013902346603572
006bde35e33bc36fee6dfd1b687a60c2346a357e79e444c11c67d776aac5f056,0.002086478844285
00725c79eee31f2bb8ef4d230593360131b2559ae304157607d7ea7b202972b6,0.0045913196168839
00749ce283122a93cdd6c9a894404ac769bcd89b9929f96156cf67e85f2b7390,0.0027476228773593
0087b155b3584f83885d43608a4a399264f3b563a1f94d09eb9335e576eb1dba,0.0012421276420354
008d7d2d32597e947c72f0d86badbd8c0184e2bcf45f8975c7e7962a81b1d25f,0.0056004849262535
0099dd619a800292f9eff1d3bcc3e0551b983a9e0db2470f8141021772e3d142,0.0007629005238413
009eed57c827cadc8ad7bec90f343c9dceb7d0034734f5807ac098e300e22bc6,0.0013292084448039
009f194ed47d66277dd5cf4295dce603ab5e3e8f6fa55b00fef598578814a477,0.003219651337713
00a1a13c3282e6501bfd75c172359c07b504155db0cd4cce57027dbc6c8c8621,0.0014674626290798
00a37f1c5cc6549bc2a5c1a53bbebe60efa9a9f406d1e57f4fd44ce1434b0114,0.0212512987665832
00aa047cb2cca6b093f4c0ff606b1540d3f8bed855e95c4a4e50997095156197,0.007507758308202
00ad4ec6fb3eff5ef124c190e438f62a9e2ced72221336cb9c93ca2df37367e6,0.0027552527375519
00b80495a2116ef88125dd275b318b46c9f061c65e101fd71f417b6dcfc515af,0.0017775896936655
00bdb274ad9909482626cdb3530e9b12b4ca9857a7ab52ccfaf3d36b649cfdd1,0.0106077625416219
00c10199e38090eeb5411425af63642afb3306059a458ca56d5140f01d49dd35,0.313662268128246
00c176145517a1ae79737568cac342ab63faad8907ac6baf5259492c7b173685,0.0065255396068096
00c40138362fd5e43a5658676f3e0b55b2f3feaddde3ab73df2821354890bd46,0.0003921479918062
00c9becc6264c65d2781ca5359ce91540c8cb3cff518ff8caf62090b0cc08465,0.0065864681266248
00d1d1eb8b59b37a53189e24e68c3e946f18affa7c82ed4eb28ed3f8e21cf4c7,0.166115471534431
00d46f73fd0ec237d1ca633e421957bbf00ea7ffbe4596c781d6fd8c226502c5,0.0010132134892046
00da97da4de0308ac7b14ce8c47e9779a0c1cfc28395a644cabd17ae703ddc7f,0.0048212678171694
00e11bb726d67d34bff07041b47b942075be1ccfa05335eef99c02b3afacdbb7,0.0006420120596885
00ec5fb4a226b8b08e8bad04fe6b4d437d2ce245024abf00877fb2a96426fdf7,0.0134532851167023
00ecd9e5c067687b352fb7f5d412c4130394db28976309c353e94f1eead33fbe,0.1290555222891271
00ee8e8283de8007aabf4ccf5115b213b565e7fbebed8c8c286912755c1e877d,0.0031440156511962
00ef714d919f3353835832e35bfdc45992d9acd7c9847253227777f07554b6f6,0.0008778253570199
00fe1a12e354036ecd34d0a97f1946ec1272dfe90a20773a3ad4207dd4910679,0.0004226609133183
00feaeb4ea5158016e28d4976d72f986db5890765873a684bb5ca1edaa68bcc4,0.0010062496177852
01263d765a198bbe341b92fe306ccd088a91be3347ee2b6e0a21c853a308dcda,0.0029270429164171
0134df7b8ca72145731d4fccca722f706aeca415b5c1fec402181619927408e2,0.0045183405280113
013d675b5ce5fd555119bcb2d3d33721d66cba0892e5258c4fd7852985f8ac79,0.000270399916917
01462679dd760fc6698642d6f6d994145e896a8d549139ba358c5a221b8c6e2a,0.0014558656141161
01679b3022e01d8852da11493cab7fcbb7d66ea509eff437e9ef9750b7392f4d,0.0004549359902739
016f1c85ebe3f4b15c149a1d6bad300e68a6de6818b8beb6cbf025f73f7304dc,0.0008965774439275
0178f99f577d5daadf00d6e75094b02961e3ee1399e848b2913896f0a2f5e309,0.0175228374078869
0179e7e54cc86cfeab7eabc67c78b1dd1fd9f614c717b062e0ff2b47697d1856,0.0005471474491059
018b133aff784f16972d71028d5590bdc243844d2011f51bc840da6526bc1985,0.0014656698331236
01b9a092cc3518f1d8d4c1a002966b86a56838d272061cb4593c0bdf34d1a86f,0.00135901235044
01bd19794d6052ab271e3606a6fbaed0d8452dcb20ad34b55bc7dc0c48cefc41,0.003595864214003
01bf61e070b2ff29591934e1c5e85af73658bf5e2d3db39bc2b9638186e6fa8a,0.0024763041175901
01c5f9d62a25d0f0668aa4d2a660a79cd9c494ef1040852e3a0d3d64ab8ab142,0.0027687568217515
01fb7403455f420178e88ce2fd24e6cb419e63a676c6a3b87bf1a0efa7d45aa3,0.0020167434588074
02095daed6eb3e9af9528e2aae13dd94969cb824cbce68750e951bad169659e0,0.0009314844384789
020f4ee34ad183187ac5f8fef74071271400d64b7970d4f027c3cb53eb1abee8,0.0009612269699573
021221222ad36e2c16b671646cf1100b1b5d56f9b8fdae21afd4ca018836ef0b,0.001569846458733
0218cba179f89ecd90157e321a5180ad5eefc74b5746507e99ccb4d5334f55ca,0.0008813450112938
02203a840fe1ce9c9e5e1cf6bc71c87709fafc205fce6b2c79e12961b46ad36f,0.0008997928351163
022c70d9bacdd8ab907ce309e8852ec025a37b1f30503dc587de2b45c6ef1eb4,0.0008678124286234
02595ca6a3c37521eaa735c747fe095e9502c5260b8b2e318a97e6e61a2a57c1,0.0033759508281946
025b850f34d5d01976c174d5930cbbc7b7ccd82eef96c119ffd7b98bb6334c9b,0.0017435575835406
027c20d4ef7aaed7498a052c00871e90e44f69dcbe0690a78104cd06a5bfe0ef,0.0011433219537138
028461c3d55dc941f2914dc7718c542648ebcc51bc427ab18894fc1ca1a649d0,0.0008584294468164
0288aadc2f6f0eded15572537a89ca0a88d8560587a7207348c9128efef31184,0.0012043020687997
0288aed073be1589c88519b0ecfbe442ceaf9bbd3fd6fef437957d3a2963bfc6,0.0029087741859257
02b8cc628b25182de88eaf25c79f134e5ff5342f3afd24bd1e0786efcd427e5c,0.0008915091864764
02c1b5e3d586358ac122edac01c8d02dc8fc13badcb68f60998e9e9311b17baa,0.0009074807167053
02c60e104e17131eaf959cbe8186174d534fa2ffa9dac37e836f94545b145733,0.0021875210106372
02cf68900b4a1fd22c264a870af243a9264d95b6ec5a81258057470fe4adf5c9,0.0028785681352019
02d09e44cd663dfdb499bf55fb1487bc7f570b6c1a0751c7eeeadac029f69190,0.0007081096060574
02ddd9d2f75a47bf94b6b8a454261f31d6c55759159e226bbb0c58dd23741920,0.0007873052731156
02ec071893c33c49f2265333261fa4ac92e8533d621f75dd82fa055b049c94fe,0.0008931290358304
02efc89a5621cb5b17f1ed8f1d3a52ae6fee3dcb6fad7efffcd9b0e467e70f24,0.0026274993084371
02f72cee61dca1cb221b33c858c81985f6d9cecb655769d806e92c8b44b76ce6,0.001486600190401
02f832b8769623ad1158c9b002c1dfbdcfc38d016baecc9c8a0df4aad0e6f628,0.0173702090047299
036459b40f763ff2f1cc635a35f4ac1726843428c2036f9eb95b4a6cb2c1e8e7,0.0020328579470515
