section,metric,comparison,method,count,total,percent,mean,median,min,max
winner_counts,time,winner,finetuned_sqlite,0,7705,0.0,,,,
winner_counts,time,winner,baseline_sqlite,1067,7705,13.848150551589878,,,,
winner_counts,time,winner,best_qiskit,6638,7705,86.15184944841012,,,,
winner_counts,memory,winner,finetuned_sqlite,2085,7705,27.060350421804024,,,,
winner_counts,memory,winner,baseline_sqlite,1818,7705,23.595068137573005,,,,
winner_counts,memory,winner,best_qiskit,3802,7705,49.34458144062297,,,,
pairwise_counts,time,finetuned_vs_baseline,finetuned_sqlite,756,7404,10.21069692058347,,,,
pairwise_counts,time,finetuned_vs_baseline,baseline_sqlite,6648,7404,89.78930307941653,,,,
pairwise_counts,time,finetuned_vs_baseline,tie,0,7404,0.0,,,,
pairwise_counts,time,finetuned_vs_best_qiskit,finetuned_sqlite,5,7404,0.0675310642895732,,,,
pairwise_counts,time,finetuned_vs_best_qiskit,best_qiskit,7399,7404,99.93246893571043,,,,
pairwise_counts,time,finetuned_vs_best_qiskit,tie,0,7404,0.0,,,,
pairwise_counts,time,baseline_vs_best_qiskit,baseline_sqlite,1067,7705,13.848150551589878,,,,
pairwise_counts,time,baseline_vs_best_qiskit,best_qiskit,6638,7705,86.15184944841012,,,,
pairwise_counts,time,baseline_vs_best_qiskit,tie,0,7705,0.0,,,,
pairwise_counts,memory,finetuned_vs_baseline,finetuned_sqlite,4946,7404,66.80172879524582,,,,
pairwise_counts,memory,finetuned_vs_baseline,baseline_sqlite,2458,7404,33.198271204754185,,,,
pairwise_counts,memory,finetuned_vs_baseline,tie,0,7404,0.0,,,,
pairwise_counts,memory,finetuned_vs_best_qiskit,finetuned_sqlite,3891,7404,52.55267423014587,,,,
pairwise_counts,memory,finetuned_vs_best_qiskit,best_qiskit,3513,7404,47.44732576985413,,,,
pairwise_counts,memory,finetuned_vs_best_qiskit,tie,0,7404,0.0,,,,
pairwise_counts,memory,baseline_vs_best_qiskit,baseline_sqlite,3188,7705,41.375730045425044,,,,
pairwise_counts,memory,baseline_vs_best_qiskit,best_qiskit,4517,7705,58.62426995457495,,,,
pairwise_counts,memory,baseline_vs_best_qiskit,tie,0,7705,0.0,,,,
value_summary,time,distribution,finetuned_sqlite,7404,7705,96.09344581440624,0.06720131942050134,0.0134849280002526,0.0005178675055503,1.0071769708301872
value_summary,time,distribution,baseline_sqlite,7705,7705,100.0,0.1586106649621726,0.0086345794610679,0.0001638649962842,16.525051451288164
value_summary,time,distribution,best_qiskit,7705,7705,100.0,0.0020602353125094564,0.0018298625946044,0.0002331733703613,0.0059635639190673
value_summary,memory,distribution,finetuned_sqlite,7404,7705,96.09344581440624,0.3393098144902209,0.0080118179321289,0.0039396286010742,3.631649971008301
value_summary,memory,distribution,baseline_sqlite,7705,7705,100.0,0.5715044771425913,0.0109739303588867,0.0030384063720703,7.264537811279297
value_summary,memory,distribution,best_qiskit,7705,7705,100.0,3.8163589595123826,0.0085744857788085,0.0079383850097656,1260.94921875
