RowKey,num_qubits,circuit_size,depth,num_joins,num_group_bys,num_select_columns,rdbms_ducksql_time_s,rdbms_ducksql_memory_mb,rdbms_sqlite_time_s,rdbms_sqlite_memory_mb,rdbms_psql_time_s,rdbms_psql_memory_mb,baseline_sqlite_time_s,best_qiskit_time_s,engine_timeout_s,size_profile
0002f03d8800974fa0082d17c88c60c429f4c89b6ecc6e7e8ecb6eb579d86ed8,12,96.0,35,63.0,83.0,89.0,2.9638470567762853,0.5235769271850585,0.0542411165311932,0.5821033477783203,0.1851808695122599,0.5490247726440429,0.0542411165311932,0.0022892951965332,0.0022892951965332,large_size
000859b011a971cec40d9751ea0663cdb41e0df3d8e956d0d85536a1dd497b3f,4,8.0,5,34.0,40.0,45.0,0.3594197832979262,0.0152624130249023,0.0016141892410814,0.0035755157470703,0.0152503189630806,0.0156995773315429,0.0016141892410814,0.0008790493011474,0.0008790493011474,small_size
000c74623b1dde87feb64ff68d69e6625b126dfd9fd3070b1669d44fcff77e00,10,24.0,7,,,,0.0492229623720049,0.0091543197631835,0.0006897588260471,0.0044055938720703,0.004245049227029,0.0104276657104492,0.0006897588260471,0.000558853149414,0.000558853149414,small_size
000cff934cb3e2da10f6e6aed87cf30c4aab597619b0ff20097ade0330ce0d89,11,264.0,56,,,,0.0364320939406752,0.0087718963623046,0.0007123517803847,0.0031055450439453,0.0027718025259673,0.0098917007446289,0.0007123517803847,0.0006775856018066,0.0006775856018066,large_size
000dd14e82c044be2a132faa2837244683336a3ba01c3cad25f96c25280686c3,10,107.0,21,55.0,76.0,81.0,1.926261806115508,0.0561016082763671,0.0332072556950151,0.0830352783203125,0.0820298760198056,0.0788162231445312,0.0332072556950151,0.0021543502807617,0.0021543502807617,large_size
00100b4430ca54efbc592eaeb6abbf1d19f7012742041e24e8072be2d03db4cb,7,14.0,8,93.0,124.0,129.0,14.437477654311806,0.0370302200317382,0.0101402877829968,0.0107776641845703,0.0624410691671073,0.0451051712036132,0.0101402877829968,0.0022006034851074,0.0022006034851074,small_size
001017a6a10b03e39c96abbf7190c277c04b1cc83fb7a8078a7b56bbe84d0806,15,70.0,21,57.0,84.0,89.0,3.833155621774494,6.926792144775391,0.517277267947793,6.997221755981445,1.5228506666608157,6.941167640686035,0.517277267947793,0.0018675327301025,0.0018675327301025,large_size
00107fe9f0ea025bfd391064f72e89503d1e11edd5a1e4c6dcc9d7f61a6c4c82,6,11.0,6,,,,0.0284265455789864,0.0095067977905273,0.0009734432213008,0.0058938980102539,0.002842310629785,0.0112211227416992,0.0009734432213008,0.0006759166717529,0.0006759166717529,small_size
001489773282c79e4f60ee635e7671a50f87ed7c4dc151bc69eab9439f179803,8,72.0,43,52.0,71.0,76.0,20.172751038800925,0.0204315185546875,0.0032053801231086,0.0043079376220703,0.0252360955812037,0.0238296508789062,0.0032053801231086,0.0021135807037353,0.0021135807037353,large_size
001642dd034fdcdb145e218efddedcf91b427d8e39b642649b9ade2248c01a44,12,41.0,15,33.0,52.0,55.0,2.4226264571771026,0.523577880859375,0.028843480721116,0.5821023941040039,0.0473336800001561,0.5390846252441406,0.028843480721116,0.0012650489807128,0.0012650489807128,large_size
0019664d2e63114681e2254d1344dfea89a73d35a871303714956fdd9c88c8f6,10,11.0,11,64.0,96.0,102.0,17.590987937059253,0.0288476943969726,0.0389796007424593,0.0418924331665039,0.2548301710747182,0.0573026657104492,0.0389796007424593,0.0029044151306152,0.0029044151306152,small_size
001b8d0524a637ee3105337ea65167c232d2e568358a4372b833e12afc0ee32f,10,1.0,1,66.0,95.0,100.0,4.8321633148007095,0.0533180236816406,0.0868027984164655,0.0830371856689453,0.3087835744023323,29.39295711517334,0.0868027984164655,0.0021231174468994,0.0021231174468994,small_size
001d0de74af978f70d1d8f2a829a24a09a06fed26268a9ec89312035216b63b8,7,14.0,8,93.0,124.0,129.0,14.497711802832782,0.037032127380371,0.0107593151740729,0.0107767105102539,0.0455571656115353,0.0451601028442382,0.0107593151740729,0.0019891262054443,0.0019891262054443,small_size
0028a557b2cd80eb61bf9d1dbddba7ebc7011bc2f454c29a24b35ccec052ef01,8,46.0,13,41.0,50.0,58.0,0.0861417649313807,0.0186138153076171,0.0035970346070826,0.0208292007446289,0.0099998777732253,0.0308591842651367,0.0035970346070826,0.0011823177337646,0.0011823177337646,large_size
0029461aa3cf3bf250ec3d326ae6554743b8568fcd19b1d104f36e35aadf8cdf,1,1.0,1,,,,0.0461977798491716,0.0038448333740234,0.0001524521969258,0.0031513214111328,0.0175928389653563,0.0040246963500976,0.0001524521969258,0.0003280639648437,0.0001524521969258,small_size
002bf1eb5e259f7380a150993d9a97e1dda3399b209a8e6a43f9b077a7f2c90d,4,8.0,5,34.0,40.0,45.0,0.1470740015618503,0.0150365829467773,0.0015818771906197,0.0035745620727539,0.006431359052658,0.0156843185424804,0.0015818771906197,0.000892162322998,0.000892162322998,small_size
002f18e3797e6468af60c79c0e0d26c733341ce6392a2e09f9b1c00ab1bd57ec,5,10.0,6,50.0,63.0,68.0,0.3567447333596646,0.021554946899414,0.0031287836842238,0.0041614532470703,0.0168273997493088,0.0224086761474609,0.0031287836842238,0.0011963844299316,0.0011963844299316,small_size
002fcb17d1bda87c17a0264f8f5e8c98337c99946aa28ad1b296d1ba6886cd54,2,29.0,17,11.0,12.0,17.0,0.0408978124149143,0.0073833465576171,0.0005442982539534,0.0031604766845703,0.0024224001914262,0.0081903457641601,0.0005442982539534,0.000401496887207,0.000401496887207,small_size
0031b353b73c891e8dbb9f04381cd2d24f643d65d2c00178ad9196734606d69c,4,11.0,8,35.0,43.0,48.0,0.1067848093807697,0.016026496887207,0.0016971386037766,0.0035745620727539,0.0063009394332766,0.0166742324829101,0.0016971386037766,0.0009868144989013,0.0009868144989013,small_size
0032a5cb791669d5f950bb3b6533d654de70ea4044fccfd9ce1e8d8e1946f1b0,11,132.0,52,69.0,98.0,103.0,0.9555319137871264,0.1186666488647461,0.3621920519508421,0.1739236831665039,2.415921268425882,0.1471645355224609,0.3621920519508421,0.0025961399078369,0.0025961399078369,large_size
0032ffff396adf452a359664c3603ec529f0582879da43dd69aa66e4b2780fe5,4,56.0,23,28.0,39.0,43.0,7.323769822716713,0.0120563507080078,0.001537050306797,0.0035755157470703,0.0097040093503892,0.01488037109375,0.001537050306797,0.0013244152069091,0.0013244152069091,large_size
003378d47280b3a61bf1ea1ee44f151f010ddac6d35dde31a9538c6fbfc22ae2,7,14.0,8,93.0,124.0,129.0,14.45520479604602,0.0369834899902343,0.0106449686922132,0.0107776641845703,0.0623912042938172,0.0452690124511718,0.0106449686922132,0.0019876956939697,0.0019876956939697,small_size
0033fc046ce093bcf7948bc7f7f81db8dcd59d9f925fd002b0a908fd64ddb76c,13,146.0,52,115.0,150.0,157.0,3.802542945370078,1.3850814819335937,0.8498375897295773,1.446245193481445,3.216630509123206,1.429033279418945,0.8498375897295773,0.0037343502044677,0.0037343502044677,large_size
003812c232aa67ced3665eed14a8ee7e0ecae4229f5f64bdfa43de92bdabea84,10,40.0,22,56.0,70.0,78.0,0.1091879498213529,0.0560466766357421,0.0181877412833273,0.0830352783203125,0.0388636609539389,0.0781147003173828,0.0181877412833273,0.0013794898986816,0.0013794898986816,large_size
0038713dd6823e32001e0a083ff7ef0155e96934fcecf4aee15b86c8df9b3374,14,32.0,7,,,,0.0661920111626386,0.0104293823242187,0.0008477264083921,0.0046009063720703,0.0048829824663698,0.0116188049316406,0.0008477264083921,0.0006871223449707,0.0006871223449707,small_size
003d951857a77f5ddd1609499fe3ef092e2d5b95ee427f94c0ae740eade55d68,3,9.0,5,12.0,14.0,19.0,0.0368049035780131,0.0078687667846679,0.0005802445113658,0.0032938003540039,0.0030727356672286,0.0083705902099609,0.0005802445113658,0.0005068778991699,0.0005068778991699,small_size
003ec69648e883eea39aabfcb88ff4812b9d16fe8633ae5711fa4e21d1631461,15,88.0,20,51.0,72.0,76.0,0.2618182967416942,6.929717063903809,0.3369182326830923,6.997220802307129,0.4637255847454071,6.936631393432617,0.3369182326830923,0.0018703937530517,0.0018703937530517,large_size
003fe33d0d25432577400a77176d8098df30e3d34b4f39657619ed5841a4ab26,15,156.0,50,124.0,170.0,177.0,4.277116814162582,6.926792144775391,1.5179082543589175,6.997220802307129,3.508356627076864,6.966178703308105,1.5179082543589175,0.0041356086730957,0.0041356086730957,large_size
0040949cdec155051dd0cdefac84b9de5e78e446a488cfb0bd7b9b896d9ef471,9,96.0,20,46.0,68.0,72.0,1.1193386401981116,0.02818603515625,0.0175476406700909,0.0411121368408203,0.0806773270480334,0.0490123748779296,0.0175476406700909,0.0019550323486328,0.0019550323486328,large_size
0042dc839daaf44136cdfa46ee2ca5df1f36bebb8b9ed53c6b9792dfa2d5b807,6,27.0,15,60.0,81.0,85.0,4.994645445607603,0.0241918563842773,0.005968084745109,0.0058938980102539,0.022062976565212,0.028566551208496,0.005968084745109,0.0016078948974609,0.0016078948974609,small_size
0045406d435915bf33cfa993ac98c50aae24913394498979f9a278097b0c62e8,6,29.0,9,,,,0.0621606266126036,0.0114961624145507,0.0011304651387035,0.0058938980102539,0.0051367497071623,0.0133188247680664,0.0011304651387035,0.0008182525634765,0.0008182525634765,small_size
00459eccd8995ada0dde991f94899a176decef34d3c58eb1a6b26aaa0cc895f7,10,37.0,16,32.0,46.0,50.0,2.2556057649664583,0.056048583984375,0.008396865054965,0.0830371856689453,0.0259117701090872,0.069333267211914,0.008396865054965,0.0011723041534423,0.0011723041534423,large_size
004af3a16432f56e79f4200efdbc91db080bdb5e6c0c08c485377c67a922d4fe,11,40.0,15,36.0,50.0,54.0,0.6360910787247122,0.1184560775756835,0.0154409856535494,0.1739246368408203,0.0545609726570546,0.1320705413818359,0.0154409856535494,0.0012261867523193,0.0012261867523193,large_size
004bfbf89ef4470353c265467c718360ebe18f71120f74e9c4f8e9746f9a71a5,10,1.0,1,57.0,79.0,84.0,0.2953902196139097,0.0561025619506835,0.0876607516780495,0.0830362319946289,0.4873870999552309,0.080038833618164,0.0876607516780495,0.0022313594818115,0.0022313594818115,small_size
00551435ffa5cf6c1cd146fced08c4e6d1ba76accde83bba0f24f2ade5d8aa3c,11,125.0,45,76.0,102.0,109.0,15.289368683006614,0.1157264709472656,0.0268443955108523,0.1739236831665039,0.0720627969130873,0.1477859497070312,0.0268443955108523,0.0030634403228759,0.0030634403228759,large_size
0059f03076c236ff6c366e43f5e73b0aaae01886cbefc4c251a51ce1bb452d95,15,33.0,26,42.0,59.0,64.0,1.1317247056402266,0.0192916870117187,0.0018550786189734,0.0034412384033203,0.0157000389881432,0.0205900192260742,0.0018550786189734,0.001511812210083,0.001511812210083,small_size
005a5c4576e604e095b79fbc71dc7ae56d454a51bd65b54fbd47e1dd7dd1869f,15,39.0,12,,,,0.0832970508374273,0.0561559677124023,0.009274922311306,0.0908487319946289,0.0272713823243975,0.0686256408691406,0.009274922311306,0.0009880065917968,0.0009880065917968,large_size
005b20c41364bf0803efa5b9803543df3d925c35db044c5c663faacd480632b8,12,22.0,18,60.0,82.0,87.0,2.7057713526301086,0.0265356063842773,0.00431764498353,0.0045013427734375,0.0185585235245525,0.0279767990112304,0.00431764498353,0.001514196395874,0.001514196395874,small_size
005e45e1132d99187ab4bc10d83a173ebb9c158af3dbc1e79058f0118f315f3a,5,1.0,1,36.0,45.0,50.0,2.670785725582391,0.0165554046630859,0.0026935240253806,0.0041604995727539,0.0135328041389584,0.0174091339111328,0.0026935240253806,0.0014758110046386,0.0014758110046386,small_size
0061cf2bab1901247dd18013215f70125f1acb02be872d20f04d4d463ab66f2a,9,26.0,12,25.0,34.0,38.0,0.1182550721801817,0.02818603515625,0.0043383889831602,0.0411121368408203,0.0132188510149717,0.0384475708007812,0.0043383889831602,0.0009272098541259,0.0009272098541259,small_size
0062bc540794485a854184beef847ecbe6c6d294ea06c5c478285017a3499a62,15,66.0,23,52.0,80.0,83.0,0.8325413567945361,6.926792144775391,0.2390900671482086,6.997219848632812,0.3942610741592943,6.940608024597168,0.2390900671482086,0.0018064975738525,0.0018064975738525,large_size
0064d0f274c70b14cea167b8c8c15239376ba2764db790b7b968e7bf3008da2d,13,157.0,52,110.0,150.0,157.0,5.661883162800223,1.3819313049316406,0.8283648465760052,1.446245193481445,2.2514108372852206,1.428459358215332,0.8283648465760052,0.0037639141082763,0.0037639141082763,large_size
006645a56cc168d3f440e3347646cff0ee7f413d77e2b2ae52fdcc821903823b,6,293.0,292,44.0,52.0,60.0,0.5931135569699109,0.0164117813110351,0.0044080367311835,0.0058948516845703,0.0169191184453666,0.0207597732543945,0.0044080367311835,0.0016365051269531,0.0016365051269531,large_size
0066b3a45aad5ad6bacd69d925d0dc05175a0bb55b7c28046affd49a37905f61,6,1.0,1,41.0,55.0,60.0,8.711649681907147,0.0169525146484375,0.0048104921355843,0.0058948516845703,0.0197695633396506,0.0211126327514648,0.0048104921355843,0.0017488002777099,0.0017488002777099,small_size
00688bd205d099cee9935d5216d98e85ceb05cd6eec3ffdef86dd3dbd1025589,12,29.0,8,,,,0.0356216291896998,0.010491943359375,0.001167641673237,0.0064798355102539,0.0039857816882431,0.0127098083496093,0.001167641673237,0.0007402896881103,0.0007402896881103,small_size
00693e4aa6d9d3e3177f19155f69748e3087a8bffa4a0a5dbfd1cd3fa85714df,11,51.0,13,25.0,36.0,44.0,0.1139551663771271,0.014195442199707,0.0013902346603572,0.0063831329345703,0.0082194241695106,0.0168573379516601,0.0013902346603572,0.0009684562683105,0.0009684562683105,large_size
006ba62120b2b99d6ec813788dc190cecf10c3864da75e2f8993f7947e11a79c,6,12.0,7,70.0,91.0,96.0,11.07501728180796,0.0272483825683593,0.0049631215631961,0.0058948516845703,0.0350441760383546,0.0314638137817382,0.0049631215631961,0.0015690326690673,0.0015690326690673,small_size
006bde35e33bc36fee6dfd1b687a60c2346a357e79e444c11c67d776aac5f056,8,24.0,11,23.0,31.0,35.0,0.5305429555475711,0.0145437240600585,0.002086478844285,0.0208301544189453,0.0158312333747744,0.0237838745117187,0.002086478844285,0.000882863998413,0.000882863998413,small_size
006d0ac0deb9d9e2223f9a6939623166a3ffc7e100da2d8870d04cd74d3bc012,14,66.0,25,89.0,128.0,133.0,0.6392494440078735,3.185594749450684,0.2291714965365827,3.250235939025879,3.600514657329768,3.22009105682373,0.2291714965365827,0.0024416446685791,0.0024416446685791,large_size
00700dd61e7d1a91900ed84eff1c49e5e31a70ff2472849183ae348affeec55a,1,6.0,6,,,,0.0140609445050358,0.0037288665771484,0.0001504661515355,0.003128433227539,0.0004613800905644,0.0040170669555664,0.0001504661515355,0.0003893375396728,0.0001504661515355,small_size
0070994db1e2411f702c3abf2f60f019f710ee957a45798e8b1deb0c1adc9890,13,1.0,1,,,,0.1670090432278811,1.384661865234375,0.0742448122240602,1.446245193481445,0.1754972147755324,1.398582649230957,0.0742448122240602,0.0014185905456542,0.0014185905456542,small_size
00724d1341cc7a5f41feb482b628b4fc65d4e846f5754e806f932f46158b939b,9,65.0,17,42.0,55.0,59.0,6.154237142764032,0.0254554748535156,0.0192270605824887,0.0411102294921875,0.0245699880644679,0.0444374084472656,0.0192270605824887,0.0015656948089599,0.0015656948089599,large_size
00725c79eee31f2bb8ef4d230593360131b2559ae304157607d7ea7b202972b6,9,34.0,19,35.0,42.0,48.0,0.1075063140131533,0.0282390594482421,0.0045913196168839,0.0411111831665039,0.0256190745159983,0.0406892776489257,0.0045913196168839,0.0012733936309814,0.0012733936309814,large_size
00749ce283122a93cdd6c9a894404ac769bcd89b9929f96156cf67e85f2b7390,13,91.0,43,96.0,129.0,136.0,1.1240109581500293,0.0426311492919921,0.0027476228773593,0.0031076431274414,0.0308771643787622,0.0440271377563476,0.0027476228773593,0.0026755332946777,0.0026755332946777,large_size
0078c7dcfa0d2b2e291c8b2639473b57a2f24c62fad07b65f3cf48a3cd76f251,11,42.0,14,37.0,52.0,56.0,2.088159809820354,0.1157264709472656,0.0171400400809943,0.1739246368408203,0.0432620710693299,0.1327192306518554,0.0171400400809943,0.0012626647949218,0.0012626647949218,large_size
007ee1f1ff2a1ce1603613e6a569d1d703198675e3c50ab02d5f9fed277e1531,5,10.0,6,50.0,63.0,68.0,0.4132967690005898,0.0216299057006835,0.0027079885825514,0.0041604995727539,0.0181978069245815,0.0224836349487304,0.0027079885825514,0.0011796951293945,0.0011796951293945,small_size
0080bd3e727825c2224d6addc2ffb7f0d33b294e0ead63f247de6d556a4df1b3,11,101.0,33,83.0,110.0,117.0,1.3573251185938715,0.1184560775756835,0.071833131276071,0.1739246368408203,0.2855430267751216,0.1494377136230468,0.071833131276071,0.0028300285339355,0.0028300285339355,large_size
0087b155b3584f83885d43608a4a399264f3b563a1f94d09eb9335e576eb1dba,4,37.0,22,31.0,36.0,40.0,0.6195354021154345,0.0133171081542968,0.0012421276420354,0.0035745620727539,0.0088957340456545,0.01396484375,0.0012421276420354,0.0013043880462646,0.0012421276420354,large_size
008908046e9e4d77676ed790bd1f8abc10ba3bb56626ea7fbf6d98d82a57123e,4,8.0,5,34.0,40.0,45.0,0.3973339379765093,0.0150403976440429,0.0016014128923416,0.0035755157470703,0.0106556923128664,0.0158987045288085,0.0016014128923416,0.0009078979492187,0.0009078979492187,small_size
008c607faddc4dd119768f8c27feee980c0eb42398a6217dd1dcfe2a77b1110d,5,10.0,6,50.0,63.0,68.0,0.3656326583586633,0.0215473175048828,0.0026753933168947,0.0041614532470703,0.0169613861478865,0.0224010467529296,0.0026753933168947,0.0011818408966064,0.0011818408966064,small_size
008d7d2d32597e947c72f0d86badbd8c0184e2bcf45f8975c7e7962a81b1d25f,10,34.0,15,56.0,73.0,78.0,0.3012648082338273,0.0240655899047851,0.0056004849262535,0.0044046401977539,0.0342157991603016,0.0253389358520507,0.0056004849262535,0.0017962455749511,0.0017962455749511,large_size
0090b72ef89b7fc76f20b62ee977a588935b62347bf51d09dc73d6c137a4007a,1,4.0,4,,,,0.007173272781074,0.0037914276123046,0.000156925804913,0.0031274795532226,0.0002383784390985,0.0040796279907226,0.000156925804913,0.0003859996795654,0.000156925804913,small_size
0091de015faf27adbfe6dc0954f8c8457bd5c7637d7c7118a4fa16ba4134d590,9,1.0,1,,,,0.0410971599631011,0.0281850814819335,0.0040387087501585,0.0411109924316406,0.0078934198245406,0.0387155532836914,0.0040387087501585,0.0010693073272705,0.0010693073272705,small_size
009915dd437f46630f6dc7554b93e1b1afbbef2c7e6503570e626bb0fb457aaa,3,6.0,4,22.0,22.0,27.0,0.0758174988441169,0.0105562210083007,0.0008438724093139,0.0032947540283203,0.0044863877817988,0.010638427734375,0.0008438724093139,0.000645637512207,0.000645637512207,small_size
0099a04c527fa7dd74d7a09d85f4ef05dcb4bbfd697ddf9021213aa84b45a6c0,1,19.0,19,,,,0.0146073177456855,0.0036916732788085,0.0001456435769796,0.003140640258789,0.0003703873604536,0.0039798736572265,0.0001456435769796,0.0003883838653564,0.0001456435769796,small_size
0099dd619a800292f9eff1d3bcc3e0551b983a9e0db2470f8141021772e3d142,4,21.0,12,22.0,23.0,31.0,0.037563441786915,0.0108943939208984,0.0007629005238413,0.0031717300415039,0.0032216297462582,0.0113412857055664,0.0007629005238413,0.0008313655853271,0.0007629005238413,small_size
009eed57c827cadc8ad7bec90f343c9dceb7d0034734f5807ac098e300e22bc6,4,44.0,20,25.0,31.0,36.0,0.7258074555546046,0.0124078750610351,0.0013292084448039,0.0035755157470703,0.0109810918569564,0.0129472732543945,0.0013292084448039,0.0011196136474609,0.0011196136474609,large_size
009f194ed47d66277dd5cf4295dce603ab5e3e8f6fa55b00fef598578814a477,6,52.0,18,29.0,39.0,44.0,1.662818966805935,0.0145851135253906,0.003219651337713,0.0058948516845703,0.0119097385555505,0.0164196014404296,0.003219651337713,0.0012702941894531,0.0012702941894531,large_size
00a1a13c3282e6501bfd75c172359c07b504155db0cd4cce57027dbc6c8c8621,4,1.0,1,27.0,35.0,40.0,0.3894316354766488,0.0136470794677734,0.0014674626290798,0.0035745620727539,0.0055003245361149,0.0144031524658203,0.0014674626290798,0.0012469291687011,0.0012469291687011,small_size
00a35e5f35e4acfeb6dc3292a03a1f20118a4a7efb301407b0929a2c3c22c002,10,100.0,23,57.0,79.0,83.0,11.730876112822443,0.0533180236816406,0.0792437117546796,0.0830362319946289,0.2468612289056181,0.0794231414794921,0.0792437117546796,0.0021998882293701,0.0021998882293701,large_size
00a37f1c5cc6549bc2a5c1a53bbebe60efa9a9f406d1e57f4fd44ce1434b0114,9,1.0,1,53.0,68.0,73.0,1.2401659722439944,0.0283962249755859,0.0212512987665832,0.0411121368408203,0.0901987097226083,0.04912109375,0.0212512987665832,0.0019750595092773,0.0019750595092773,small_size
00aa047cb2cca6b093f4c0ff606b1540d3f8bed855e95c4a4e50997095156197,10,35.0,14,29.0,44.0,47.0,0.7973732731305063,0.056048583984375,0.007507758308202,0.0830371856689453,0.0268590921536088,0.0684566497802734,0.007507758308202,0.0011374950408935,0.0011374950408935,large_size
00ad4ec6fb3eff5ef124c190e438f62a9e2ced72221336cb9c93ca2df37367e6,5,88.0,39,45.0,56.0,60.0,1.0670102857984602,0.0163211822509765,0.0027552527375519,0.0041614532470703,0.0206735893152654,0.0195066452026367,0.0027552527375519,0.0018079280853271,0.0018079280853271,large_size
00af4b6764c0db21e82b737573094b6ef25302813bf0807454cae1dd4716d184,12,34.0,12,,,,0.0274099325761199,0.0087175369262695,0.0006099037826061,0.0032205581665039,0.0029409187845885,0.0099441528320312,0.0006099037826061,0.0006871223449707,0.0006099037826061,large_size
00b07c6c6d0efc21a7c9e0b61030605dbf6303d1ab690b25b4e142fb737f1f86,14,34.0,9,,,,0.0652700233273208,0.0116777420043945,0.0015655654482543,0.0121448516845703,0.0081405656412243,0.0175907135009765,0.0015655654482543,0.0008161067962646,0.0008161067962646,large_size
00b80495a2116ef88125dd275b318b46c9f061c65e101fd71f417b6dcfc515af,3,41.0,22,39.0,42.0,49.0,0.1565089388750493,0.0160881042480468,0.0017775896936655,0.0032947540283203,0.0090451423078775,0.0166017532348632,0.0017775896936655,0.0014078617095947,0.0014078617095947,large_size
00bdb274ad9909482626cdb3530e9b12b4ca9857a7ab52ccfaf3d36b649cfdd1,8,64.0,22,53.0,63.0,71.0,0.1641960578039288,0.0226726531982421,0.0106077625416219,0.0208301544189453,0.0600904256105423,0.0349180221557617,0.0106077625416219,0.0014359951019287,0.0014359951019287,large_size
00c10199e38090eeb5411425af63642afb3306059a458ca56d5140f01d49dd35,12,77.0,35,61.0,88.0,94.0,0.4572090725414455,0.5236852645874024,0.313662268128246,0.5821023941040039,1.076400216948241,0.5508052825927734,0.313662268128246,0.0022928714752197,0.0022928714752197,large_size
00c176145517a1ae79737568cac342ab63faad8907ac6baf5259492c7b173685,9,81.0,33,47.0,59.0,64.0,0.3218814768828452,0.0281850814819335,0.0065255396068096,0.0411111831665039,0.0132276904769241,0.0458786010742187,0.0065255396068096,0.0018279552459716,0.0018279552459716,large_size
00c1b13978d245f6da24965d56335002de703b35a8274f834f5e63436139162a,4,55.0,21,39.0,49.0,54.0,7.32448655506596,0.0153875350952148,0.002250903006643,0.0035755157470703,0.0138859872706234,0.0184738159179687,0.002250903006643,0.0013177394866943,0.0013177394866943,large_size
00c40138362fd5e43a5658676f3e0b55b2f3feaddde3ab73df2821354890bd46,3,20.0,8,9.0,11.0,15.0,0.0286916339769959,0.0067043304443359,0.0003921479918062,0.003317642211914,0.0014262709766626,0.0072061538696289,0.0003921479918062,0.0006501674652099,0.0003921479918062,small_size
00c9becc6264c65d2781ca5359ce91540c8cb3cff518ff8caf62090b0cc08465,9,33.0,14,31.0,41.0,46.0,0.9026391443796457,0.0281850814819335,0.0065864681266248,0.0411111831665039,0.0124405217356979,0.0406629562377929,0.0065864681266248,0.0011143684387207,0.0011143684387207,small_size
00cbb6840d9d537437ecbc990236e17e56fbc206b3a98e8f506f9c15ffdd4508,14,69.0,19,93.0,135.0,140.0,3.3389788391068578,3.1828651428222656,0.3110950880683958,3.2502368927001952,1.1370130234397948,3.222130012512207,0.3110950880683958,0.0035598278045654,0.0035598278045654,large_size
00d1d1eb8b59b37a53189e24e68c3e946f18affa7c82ed4eb28ed3f8e21cf4c7,14,64.0,39,55.0,77.0,83.0,0.2164497649297118,3.185703086853027,0.166115471534431,3.250235939025879,0.3054604302160442,3.203849029541016,0.166115471534431,0.0020005702972412,0.0020005702972412,large_size
00d46f73fd0ec237d1ca633e421957bbf00ea7ffbe4596c781d6fd8c226502c5,4,26.0,21,27.0,29.0,37.0,0.2748581152409315,0.0118999481201171,0.0010132134892046,0.0031717300415039,0.0042185445316135,0.0124551773071289,0.0010132134892046,0.0012176036834716,0.0010132134892046,small_size
00da97da4de0308ac7b14ce8c47e9779a0c1cfc28395a644cabd17ae703ddc7f,15,67.0,37,82.0,105.0,111.0,4.887901021167636,6.926792144775391,0.0048212678171694,0.0235645294189453,0.045283234026283,0.0454666137695312,0.0048212678171694,0.0024328231811523,0.0024328231811523,large_size
00e11bb726d67d34bff07041b47b942075be1ccfa05335eef99c02b3afacdbb7,3,18.0,10,13.0,17.0,21.0,0.1605928148142993,0.0082311630249023,0.0006420120596885,0.0032947540283203,0.0122932760044932,0.0087329864501953,0.0006420120596885,0.0007739067077636,0.0006420120596885,small_size
00e1ff27cc211fd0f89be0242ad4627e59c90b439c839fcbe15c92d74755276d,6,21.0,12,56.0,74.0,81.0,9.176423728000373,0.0226039886474609,0.0028312315233051,0.0036243438720703,0.0230938531458377,0.02568359375,0.0028312315233051,0.0014228820800781,0.0014228820800781,small_size
00ec5fb4a226b8b08e8bad04fe6b4d437d2ce245024abf00877fb2a96426fdf7,11,40.0,17,35.0,50.0,53.0,3.247734618140385,0.1881937980651855,0.0134532851167023,0.1739246368408203,0.0440653313882648,0.1316358566284179,0.0134532851167023,0.0012323856353759,0.0012323856353759,large_size
00ecc9493970261db82fdbec1cab729699b8ca7a1d31dc596dedc781d8c6301e,15,81.0,26,79.0,109.0,114.0,1.115006926935166,6.926792144775391,0.2928304761648178,6.997220802307129,0.6143870232626796,6.949053764343262,0.2928304761648178,0.0025224685668945,0.0025224685668945,large_size
00ecd9e5c067687b352fb7f5d412c4130394db28976309c353e94f1eead33fbe,13,1.0,1,56.0,75.0,80.0,0.4677590570412576,1.384661865234375,0.1290555222891271,1.446245193481445,0.4038863178342581,1.4059745788574218,0.1290555222891271,0.0020282268524169,0.0020282268524169,small_size
00ee8e8283de8007aabf4ccf5115b213b565e7fbebed8c8c286912755c1e877d,7,47.0,13,39.0,46.0,51.0,0.1508445701561868,0.0164823532104492,0.0031440156511962,0.0107767105102539,0.0221851170994341,0.021807861328125,0.0031440156511962,0.0014984607696533,0.0014984607696533,large_size
00ef46d5f22d8c19e0e884391483426ac59050122810315a89a7d069cdb7dfc0,14,60.0,20,49.0,73.0,77.0,2.53221644256264,3.185594749450684,0.1178553460165858,3.2502368927001952,0.501921927370131,3.202483367919922,0.1178553460165858,0.0016570091247558,0.0016570091247558,large_size
00ef714d919f3353835832e35bfdc45992d9acd7c9847253227777f07554b6f6,5,15.0,8,20.0,23.0,30.0,0.0892265956848859,0.0103302001953125,0.0008778253570199,0.0041614532470703,0.0048290568403899,0.0111839294433593,0.0008778253570199,0.000758409500122,0.000758409500122,small_size
00f0fe2fb30ad5cc450dac08b509cb8d4bfadbf3a7d8eab488d39c4be140d580,13,170.0,29,71.0,105.0,110.0,10.884477841667833,1.3819313049316406,0.1492471413686871,1.446245193481445,0.5125682222656905,1.4165163040161133,0.1492471413686871,0.00285005569458,0.00285005569458,large_size
00f8d59eee000223bf0530763bc8e4e2a8f3c37ed318e9906143918fe6aec287,15,35.0,8,,,,0.032494187541306,0.0110721588134765,0.0011326320469379,0.0067728042602539,0.0038146146573126,0.0136501312255859,0.0011326320469379,0.0007405281066894,0.0007405281066894,large_size
00fdba0ca5ff9b2d09a56fb7bae713216052ecae3430289dd0ed013b2ccf2c44,4,51.0,28,37.0,50.0,54.0,5.445040838327259,0.0149507522583007,0.0020205896347761,0.0035755157470703,0.0092456748709082,0.0183460235595703,0.0020205896347761,0.0016777515411376,0.0016777515411376,large_size
00fe1a12e354036ecd34d0a97f1946ec1272dfe90a20773a3ad4207dd4910679,2,251.0,172,11.0,12.0,17.0,0.0219635263085365,0.0073471069335937,0.0004226609133183,0.0031595230102539,0.0017573148012161,0.0077344894409179,0.0004226609133183,0.0004069805145263,0.0004069805145263,large_size
00fe6eeb68b9a8b205cdf11c874a07dee5bfdf37b864842b92de0b4f3a7b65c0,7,62.0,24,44.0,61.0,66.0,1.862790027167648,0.0208415985107421,0.0062893922440707,0.0107776641845703,0.0317195771262049,0.0261671066284179,0.0062893922440707,0.0016150474548339,0.0016150474548339,large_size
00fe9f56c7b1224adf2367b79631d9500cce42514d3fceaad60845370241468f,7,34.0,10,,,,0.0788065517321228,0.0126562118530273,0.0015779038891196,0.0107776641845703,0.0087143840268254,0.0179817199707031,0.0015779038891196,0.0009448528289794,0.0009448528289794,large_size
00feaeb4ea5158016e28d4976d72f986db5890765873a684bb5ca1edaa68bcc4,12,34.0,22,26.0,36.0,42.0,0.1077514364384114,0.0129365921020507,0.0010062496177852,0.0034046173095703,0.0070210845209658,0.0143020629882812,0.0010062496177852,0.0010573863983154,0.0010062496177852,large_size
010c503261a2df2bbb1a3e08146f314fa9bf79b97cb05a52885eda911e13aea1,15,27.0,3,,,,0.0642174758017063,0.0064830780029296,0.0003235591575503,0.0031543731689453,0.0164045725017786,0.0079462051391601,0.0003235591575503,0.0004632472991943,0.0003235591575503,small_size
0125ca45f129b8d6e99fbb118aa7434f1bdb35d8ba4b862215c8e00be5d424d8,10,49.0,13,,,,0.1537535789422691,0.0560476303100585,0.0086036911234259,0.0830371856689453,0.0154240508563816,0.0705358505249023,0.0086036911234259,0.0014910697937011,0.0014910697937011,large_size
01263d765a198bbe341b92fe306ccd088a91be3347ee2b6e0a21c853a308dcda,6,60.0,33,49.0,65.0,71.0,0.9506641063839196,0.021498680114746,0.0029270429164171,0.0058948516845703,0.0214422234334051,0.0233213424682617,0.0029270429164171,0.0019202232360839,0.0019202232360839,large_size
0134df7b8ca72145731d4fccca722f706aeca415b5c1fec402181619927408e2,7,33.0,20,45.0,55.0,62.0,1.2475257420912385,0.0191659927368164,0.0045183405280113,0.0107776641845703,0.025589847471565,0.0244915008544921,0.0045183405280113,0.0017712116241455,0.0017712116241455,small_size
013d675b5ce5fd555119bcb2d3d33721d66cba0892e5258c4fd7852985f8ac79,2,12.0,8,9.0,9.0,13.0,0.0513661751523613,0.0061120986938476,0.000270399916917,0.003183364868164,0.0139075771905481,0.0064994812011718,0.000270399916917,0.0006177425384521,0.000270399916917,small_size
01462679dd760fc6698642d6f6d994145e896a8d549139ba358c5a221b8c6e2a,6,30.0,10,19.0,23.0,27.0,0.0905661076307296,0.0097618103027343,0.0014558656141161,0.0058948516845703,0.0155032477341592,0.01158447265625,0.0014558656141161,0.0008771419525146,0.0008771419525146,small_size
0146e4cb3ec638a092bc2ff052ceb1508662f8f8c19b13c53aae660f23c7b0fb,11,24.0,14,,,,0.100958698336035,0.0086870193481445,0.0005314722657203,0.0032154083251953,0.0164289225824177,0.010040283203125,0.0005314722657203,0.0007112026214599,0.0005314722657203,small_size
01501b8722df50c519c543ff8e4dfbfb2524ef4f8c2a56018d6e08762f64dd45,2,9.0,5,,,,0.0418629462830722,0.0055690765380859,0.00025415122509,0.003183364868164,0.0125833839178085,0.0058710098266601,0.00025415122509,0.0005393028259277,0.00025415122509,small_size
01679b3022e01d8852da11493cab7fcbb7d66ea509eff437e9ef9750b7392f4d,2,210.0,147,11.0,12.0,17.0,0.0671189057640731,0.007440185546875,0.0004549359902739,0.0031604766845703,0.0025415658950805,0.0078275680541992,0.0004549359902739,0.0003931522369384,0.0003931522369384,large_size
016f1c85ebe3f4b15c149a1d6bad300e68a6de6818b8beb6cbf025f73f7304dc,6,17.0,10,17.0,22.0,25.0,0.2084556115791201,0.0089168548583984,0.0008965774439275,0.0058948516845703,0.0218378957360982,0.010739517211914,0.0008965774439275,0.0007493495941162,0.0007493495941162,small_size
0178f99f577d5daadf00d6e75094b02961e3ee1399e848b2913896f0a2f5e309,11,41.0,13,36.0,51.0,55.0,1.02769966898486,0.1184560775756835,0.0175228374078869,0.1739246368408203,0.0500949417240917,0.1323539733886718,0.0175228374078869,0.0012485980987548,0.0012485980987548,large_size
0179e7e54cc86cfeab7eabc67c78b1dd1fd9f614c717b062e0ff2b47697d1856,4,22.0,13,18.0,22.0,29.0,0.0797780342400074,0.0102081298828125,0.0005471474491059,0.0035755157470703,0.005038305837661,0.0108558654785156,0.0005471474491059,0.0009849071502685,0.0005471474491059,small_size
017ef1b077232a041e15b7aea2c138f4b6595d502107450b8160427a09ec26bc,5,24.0,8,,,,0.0478850648738443,0.0101346969604492,0.0006780559197068,0.0041614532470703,0.0047179935500025,0.010988426208496,0.0006780559197068,0.000943899154663,0.0006780559197068,small_size
017fcf8bae42ec21fd51df4f2295871a5772720fb8cff2ae0d763411639a82a3,11,1.0,1,76.0,105.0,110.0,4.04330179989338,0.1186666488647461,0.2188874970190227,0.1739246368408203,0.6626177738420665,0.1492139816284179,0.2188874970190227,0.0027863979339599,0.0027863979339599,small_size
018b133aff784f16972d71028d5590bdc243844d2011f51bc840da6526bc1985,10,53.0,24,21.0,33.0,38.0,0.0535159861668944,0.0125175476074218,0.0014656698331236,0.0113086700439453,0.0050234222784638,0.0180948257446289,0.0014656698331236,0.0026910305023193,0.0014656698331236,large_size
01a10545701a92cb3c1be91397db2756b215bc59ee41838115cec1ef9aa723fe,13,48.0,6,,,,0.0311746177263557,0.0066156387329101,0.0002438305877149,0.0032276153564453,0.0021468652412295,0.0080345153808593,0.0002438305877149,0.0005292892456054,0.0002438305877149,large_size
01b9a092cc3518f1d8d4c1a002966b86a56838d272061cb4593c0bdf34d1a86f,4,30.0,11,25.0,25.0,33.0,0.0758837681263685,0.0117546081542968,0.00135901235044,0.0035755157470703,0.0049537187442183,0.0122940063476562,0.00135901235044,0.0008888244628906,0.0008888244628906,small_size
01bd19794d6052ab271e3606a6fbaed0d8452dcb20ad34b55bc7dc0c48cefc41,7,44.0,17,39.0,50.0,55.0,0.0883936771191656,0.0174026489257812,0.003595864214003,0.0107227325439453,0.0100033592432737,0.022728157043457,0.003595864214003,0.001500129699707,0.001500129699707,large_size
01bf61e070b2ff29591934e1c5e85af73658bf5e2d3db39bc2b9638186e6fa8a,5,21.0,13,47.0,58.0,66.0,0.2303098322823643,0.0203815460205078,0.0024763041175901,0.0041065216064453,0.0107804141938686,0.0212352752685546,0.0024763041175901,0.001453161239624,0.001453161239624,small_size
01c5f9d62a25d0f0668aa4d2a660a79cd9c494ef1040852e3a0d3d64ab8ab142,8,46.0,19,32.0,37.0,42.0,0.2092562148347497,0.0145437240600585,0.0027687568217515,0.0208301544189453,0.0257673741318285,0.02576904296875,0.0027687568217515,0.001204490661621,0.001204490661621,large_size
01c654ce022402fedb4a36c26aab8a8017d564dd765910839f56a2398c0b4dac,10,25.0,8,,,,0.0524815998040139,0.0099067687988281,0.0010076677426695,0.0062854766845703,0.0051408591680228,0.0120651245117187,0.0010076677426695,0.0007541179656982,0.0007541179656982,small_size
01ddb718a384a988e2aa004a3d489e84304582a524598f1a41792a5d427752da,15,80.0,22,71.0,93.0,99.0,0.5381163987331092,6.929521751403809,0.3133086875081062,6.997221755981445,0.6915930829010903,6.943518447875976,0.3133086875081062,0.0023376941680908,0.0023376941680908,large_size
01e5269d3279c99e162255f828b83210762c4ba09d58900fb6758cff95972450,3,6.0,4,22.0,22.0,27.0,0.1359439774416387,0.0101308822631835,0.0007381544448435,0.0032947540283203,0.0048747164197266,0.0107410430908203,0.0007381544448435,0.000643253326416,0.000643253326416,small_size
01e6e6b8333336440deaf89f9600ef6d4ce399cb8ae4d82a3ef34f4388286877,15,67.0,36,99.0,130.0,136.0,2.4239534340798854,6.929732322692871,0.3642607281915843,6.997221755981445,1.072182495240122,6.954760551452637,0.3642607281915843,0.0028786659240722,0.0028786659240722,large_size
01fb7403455f420178e88ce2fd24e6cb419e63a676c6a3b87bf1a0efa7d45aa3,9,22.0,7,26.0,32.0,38.0,0.1746660380624234,0.0126895904541015,0.0020167434588074,0.0111682891845703,0.0271721548400819,0.0181829452514648,0.0020167434588074,0.0010697841644287,0.0010697841644287,small_size
02095daed6eb3e9af9528e2aae13dd94969cb824cbce68750e951bad169659e0,8,21.0,14,23.0,27.0,34.0,0.0458982948213815,0.0110069274902343,0.0009314844384789,0.0036731719970703,0.0036225072108209,0.0119903564453125,0.0009314844384789,0.0008761882781982,0.0008761882781982,small_size
020f4ee34ad183187ac5f8fef74071271400d64b7970d4f027c3cb53eb1abee8,4,16.0,9,19.0,20.0,28.0,0.1036360582336783,0.009800910949707,0.0009612269699573,0.0031726837158203,0.0154793510213494,0.0103561401367187,0.0009612269699573,0.000744342803955,0.000744342803955,small_size
021221222ad36e2c16b671646cf1100b1b5d56f9b8fdae21afd4ca018836ef0b,4,192.0,132,35.0,42.0,47.0,0.2650869620032609,0.0157135009765625,0.001569846458733,0.0035755157470703,0.0231374909169971,0.0161506652832031,0.001569846458733,0.0010838508605957,0.0010838508605957,large_size
0213a89d0485efb4415924d5613293fd9e83253ab5b8ebd7602b911639ccd6a2,4,8.0,5,34.0,40.0,45.0,0.1056051823310554,0.015175437927246,0.0014961807057261,0.0035755157470703,0.0058628661558032,0.0158231735229492,0.0014961807057261,0.0008685588836669,0.0008685588836669,small_size
0218cba179f89ecd90157e321a5180ad5eefc74b5746507e99ccb4d5334f55ca,2,27.0,22,23.0,24.0,32.0,0.3454230667091906,0.0107803344726562,0.0008813450112938,0.0031604766845703,0.0072703157551586,0.0113782882690429,0.0008813450112938,0.0011467933654785,0.0008813450112938,small_size
02201da842a13322d153fd2b9aef71dd71b0f4477993b1efd78749dd3ed42af7,15,69.0,22,57.0,83.0,87.0,3.2437930474989116,6.929521751403809,0.3246665507555007,6.9973194122314455,2.1937824534252286,6.940485000610352,0.3246665507555007,0.0018327236175537,0.0018327236175537,large_size
02203a840fe1ce9c9e5e1cf6bc71c87709fafc205fce6b2c79e12961b46ad36f,3,680.0,509,23.0,24.0,29.0,0.0446864599362015,0.0107599258422851,0.0008997928351163,0.0032947540283203,0.0032839013263583,0.0112617492675781,0.0008997928351163,0.00077486038208,0.00077486038208,large_size
022c70d9bacdd8ab907ce309e8852ec025a37b1f30503dc587de2b45c6ef1eb4,3,9.0,7,23.0,25.0,30.0,0.0627931191585958,0.0107875823974609,0.0008678124286234,0.0032947540283203,0.0034717381000518,0.0112894058227539,0.0008678124286234,0.000748872756958,0.000748872756958,small_size
023ba122b228f2d20b7344cb6c5f5d6555df0eea338254a197953dd614f883c9,15,38.0,11,,,,0.1105764335952699,0.0281850814819335,0.0052658758126199,0.0457996368408203,0.0158080156892538,0.0401714324951171,0.0052658758126199,0.0009264945983886,0.0009264945983886,large_size
023ea7b0ae886b68647d0afeeac9ed2e3db2b73b04313ff08995e763f2f6bbdb,7,36.0,21,67.0,85.0,92.0,1.4541503890417515,0.0290847778320312,0.0015535200946033,0.0030994415283203,0.0240702318027615,0.0298688888549804,0.0015535200946033,0.0016722679138183,0.0015535200946033,large_size
024656a0eb44f8bf0fea4f295daec5da699f78c35b6b340a6ef6106f5bf87e44,12,48.0,20,42.0,59.0,63.0,0.6423444863408804,0.5235769271850585,0.029454983677715,0.5821033477783203,0.1047252492979168,0.5414283752441407,0.029454983677715,0.0014233589172363,0.0014233589172363,large_size
024ce19aa7258f694f618422eec929697d978ea9c4eb1f030ce850d0066df0be,1,10.0,10,,,,0.0236572283320128,0.0038457870483398,0.0001153024844825,0.003097915649414,0.0004771701060235,0.004025650024414,0.0001153024844825,0.0003972053527832,0.0001153024844825,small_size
0251e39440824b450fd237f6fb7fed486dbab3bfcbbe810527a99ccd6e5f464a,1,53.0,53,,,,0.0115247188135981,0.0037456512451171,0.0001474950462579,0.003140640258789,0.0005057532340288,0.0040338516235351,0.0001474950462579,0.0003981590270996,0.0001474950462579,large_size
02595ca6a3c37521eaa735c747fe095e9502c5260b8b2e318a97e6e61a2a57c1,5,62.0,18,34.0,41.0,46.0,0.3536136090755463,0.0152812957763671,0.0033759508281946,0.0041614532470703,0.0114481516182422,0.0160266876220703,0.0033759508281946,0.0014290809631347,0.0014290809631347,large_size
025b850f34d5d01976c174d5930cbbc7b7ccd82eef96c119ffd7b98bb6334c9b,7,27.0,21,40.0,52.0,60.0,0.9450360945425929,0.0185232162475585,0.0017435575835406,0.0033435821533203,0.0141284666955471,0.0193607330322265,0.0017435575835406,0.0012953281402587,0.0012953281402587,small_size
025fd6c2b5c9fa71d1371055717861c5b4e26013f77beebd9aa6ef407414fd4a,9,24.0,9,,,,0.12868876401335,0.010710334777832,0.0017423052340745,0.0111682891845703,0.0186835745349526,0.0160953521728515,0.0017423052340745,0.0008177757263183,0.0008177757263183,small_size
027c20d4ef7aaed7498a052c00871e90e44f69dcbe0690a78104cd06a5bfe0ef,3,33.0,21,27.0,32.0,37.0,0.775400032941252,0.0126771926879882,0.0011433219537138,0.0032947540283203,0.0082020875997841,0.0133895874023437,0.0011433219537138,0.0012223720550537,0.0011433219537138,small_size
028461c3d55dc941f2914dc7718c542648ebcc51bc427ab18894fc1ca1a649d0,2,22.0,17,21.0,23.0,31.0,0.3939193712547421,0.0107936859130859,0.0008584294468164,0.0031604766845703,0.0159965453669428,0.0111810684204101,0.0008584294468164,0.0010912418365478,0.0008584294468164,small_size
0288aadc2f6f0eded15572537a89ca0a88d8560587a7207348c9128efef31184,3,33.0,17,19.0,23.0,27.0,0.1061995414085686,0.009921646118164,0.0012043020687997,0.0032947540283203,0.0048392771743237,0.0103151321411132,0.0012043020687997,0.0009510517120361,0.0009510517120361,small_size
0288aed073be1589c88519b0ecfbe442ceaf9bbd3fd6fef437957d3a2963bfc6,6,63.0,17,33.0,44.0,49.0,3.674576199054718,0.016179084777832,0.0029087741859257,0.0058948516845703,0.0251665246672928,0.0182123184204101,0.0029087741859257,0.0014286041259765,0.0014286041259765,large_size
02a16978acc560a0bbb934d8ea0674fb5707295e9a3639d22aac62fcb031f577,1,12.0,12,,,,0.0392595834098756,0.0037355422973632,0.0001487708650529,0.003128433227539,0.0150435433723032,0.0040237426757812,0.0001487708650529,0.0003876686096191,0.0001487708650529,small_size
02b5fd1afb9c0eef8a5f55be9d0a8a26d182f9233bd410548bf7f14d410b13a4,5,10.0,6,50.0,63.0,68.0,0.44803918749094,0.0215654373168945,0.0027650086209177,0.0041614532470703,0.0433508959598839,0.0224191665649414,0.0027650086209177,0.0011935234069824,0.0011935234069824,small_size
02b8cc628b25182de88eaf25c79f134e5ff5342f3afd24bd1e0786efcd427e5c,3,38.0,18,21.0,25.0,30.0,0.2849302815273404,0.0108518600463867,0.0008915091864764,0.0032947540283203,0.0071740838699042,0.0113536834716796,0.0008915091864764,0.0010137557983398,0.0008915091864764,large_size
02c1b5e3d586358ac122edac01c8d02dc8fc13badcb68f60998e9e9311b17baa,6,18.0,8,18.0,23.0,27.0,0.2765982746146619,0.0093936920166015,0.0009074807167053,0.0058948516845703,0.0178100946359336,0.0112163543701171,0.0009074807167053,0.0007610321044921,0.0007610321044921,small_size
02c60e104e17131eaf959cbe8186174d534fa2ffa9dac37e836f94545b145733,8,575.0,367,42.0,52.0,59.0,0.6625530960969627,0.018715476989746,0.0021875210106372,0.0043079376220703,0.015207789838314,0.0197126388549804,0.0021875210106372,0.00148606300354,0.00148606300354,large_size
02c81a6b76ce63dc4bf93b423a52606a4c51768164738ab0f2937ad1528a5f05,10,24.0,7,,,,0.0858869188465178,0.0092617034912109,0.0007404323667287,0.0044055938720703,0.0169381863437593,0.0104267120361328,0.0007404323667287,0.0006840229034423,0.0006840229034423,small_size
02cf68900b4a1fd22c264a870af243a9264d95b6ec5a81258057470fe4adf5c9,7,47.0,23,42.0,53.0,59.0,0.518978660274297,0.0182924270629882,0.0028785681352019,0.0107776641845703,0.0217933309264481,0.023617935180664,0.0028785681352019,0.0015559196472167,0.0015559196472167,large_size
02d09e44cd663dfdb499bf55fb1487bc7f570b6c1a0751c7eeeadac029f69190,3,1.0,1,16.0,17.0,22.0,0.059853589348495,0.0086484909057617,0.0007081096060574,0.0032947540283203,0.0037952600978314,0.0090419769287109,0.0007081096060574,0.0008027553558349,0.0007081096060574,small_size
02d5d2e1ded5595056b3e3e30d7175593177b3ccae45d27d4471f50a02cbbbab,1,20.0,20,,,,0.0128728190436959,0.0038505554199218,0.0001778831705451,0.0031742095947265,0.0004327732138335,0.004030418395996,0.0001778831705451,0.0004010200500488,0.0001778831705451,small_size
02ddd9d2f75a47bf94b6b8a454261f31d6c55759159e226bbb0c58dd23741920,2,22.0,17,21.0,23.0,29.0,0.2102824971079826,0.0105648040771484,0.0007873052731156,0.0031604766845703,0.0046988589689135,0.0109521865844726,0.0007873052731156,0.0010883808135986,0.0007873052731156,small_size
02ec071893c33c49f2265333261fa4ac92e8533d621f75dd82fa055b049c94fe,6,40.0,8,17.0,23.0,28.0,0.077246074937284,0.0100866317749023,0.0008931290358304,0.0058948516845703,0.0055977676995098,0.0118009567260742,0.0008931290358304,0.0009005069732666,0.0008931290358304,large_size
02efc89a5621cb5b17f1ed8f1d3a52ae6fee3dcb6fad7efffcd9b0e467e70f24,12,20.0,17,44.0,60.0,65.0,4.416440701577812,0.0196767807006835,0.0026274993084371,0.0037708282470703,0.010859331768006,0.0209959030151367,0.0026274993084371,0.0012130737304687,0.0012130737304687,small_size
02f72cee61dca1cb221b33c858c81985f6d9cecb655769d806e92c8b44b76ce6,7,16.0,7,18.0,22.0,26.0,0.0857002330012619,0.0092325210571289,0.001486600190401,0.0107776641845703,0.0074277582578361,0.0147686004638671,0.001486600190401,0.0007314682006835,0.0007314682006835,small_size
02f832b8769623ad1158c9b002c1dfbdcfc38d016baecc9c8a0df4aad0e6f628,9,114.0,22,59.0,77.0,82.0,1.3926605194807054,0.0283952713012695,0.0173702090047299,0.0411121368408203,0.0456781631335616,0.0518142700195312,0.0173702090047299,0.0023581981658935,0.0023581981658935,large_size
0315679e5797d61084465dbfdf808df96c39bf3b720c54b6bf95b21d23c39e41,4,11.0,5,,,,0.0411702988669276,0.0083547592163085,0.0007166269235312,0.0035205841064453,0.0032173953950405,0.0090024948120117,0.0007166269235312,0.0006937980651855,0.0006937980651855,small_size
036459b40f763ff2f1cc635a35f4ac1726843428c2036f9eb95b4a6cb2c1e8e7,14,20.0,10,44.0,65.0,73.0,0.5936354422010481,0.0220796585083007,0.0020328579470515,0.0037647247314453,0.0205220710486173,0.0236701965332031,0.0020328579470515,0.0012793540954589,0.0012793540954589,small_size
